model,test_loss,val_loss,test_dice,val_dice,test_jaccard,val_jaccard,test_bacc,val_bacc,test_auc,val_auc,epoch
manet_baseline_single_s0,0.34953510761260986,0.334811806678772,0.8942922949790955,0.9004335403442383,0.8087962865829468,0.8188986778259277,0.9110111594200134,0.9119998812675476,0.9739516973495483,0.9749674797058105,38
manet_baseline_single_s1,0.34933775663375854,0.3359055519104004,0.8940976858139038,0.8996521830558777,0.8084779977798462,0.817607045173645,0.9107095003128052,0.9112058877944946,0.97385174036026,0.9747884273529053,37
manet_baseline_single_s2,0.3515644669532776,0.33627474308013916,0.89366614818573,0.8999083042144775,0.8077725768089294,0.8180302381515503,0.9106097221374512,0.9116002321243286,0.9738168716430664,0.9748398065567017,58
manet_baseline_single_s3,0.35312575101852417,0.3362070322036743,0.8938186168670654,0.9003522992134094,0.8080217838287354,0.8187642693519592,0.9108561873435974,0.9120427966117859,0.9739530682563782,0.9749734401702881,42
manet_baseline_single_s4,0.348981112241745,0.3359491229057312,0.8941718935966492,0.9000085592269897,0.8085992932319641,0.8181959986686707,0.9107155799865723,0.911522626876831,0.9738103151321411,0.9747655391693115,37
manet_baseline_double_s0,0.349548876285553,0.3361637592315674,0.89409339427948,0.8998985886573792,0.8084710240364075,0.8180142045021057,0.9108171463012695,0.9115099906921387,0.9739395976066589,0.9748740196228027,20
manet_baseline_double_s1,0.3465085029602051,0.3330966830253601,0.8948839902877808,0.9004310965538025,0.8097647428512573,0.8188946843147278,0.9112750291824341,0.9118639230728149,0.9741264581680298,0.9751685857772827,22
manet_baseline_double_s2,0.35386326909065247,0.33719372749328613,0.8934924602508545,0.9000158905982971,0.8074887990951538,0.8182080984115601,0.9105560183525085,0.9117501974105835,0.9738306403160095,0.9748232960700989,41
manet_baseline_double_s3,0.3549949824810028,0.337225079536438,0.8933135271072388,0.8998995423316956,0.8071966171264648,0.8180158138275146,0.9104682207107544,0.9116597175598145,0.9737842082977295,0.9748605489730835,41
manet_baseline_double_s4,0.34901589155197144,0.33621007204055786,0.894110381603241,0.9002370238304138,0.808498740196228,0.8185737133026123,0.9108299016952515,0.9118022918701172,0.973885178565979,0.9748862981796265,17
manet_rotate_90_cw_s0,0.34774523973464966,0.3339422345161438,0.8944380283355713,0.9004194736480713,0.8090347051620483,0.8188754320144653,0.9111441373825073,0.9119796752929688,0.9742164611816406,0.9751308560371399,71
manet_rotate_90_cw_s1,0.35142913460731506,0.3360193073749542,0.8938381671905518,0.9003515839576721,0.8080536723136902,0.8187631368637085,0.9109252691268921,0.9120736122131348,0.9741043448448181,0.9749802947044373,72
manet_rotate_90_cw_s2,0.3512323498725891,0.3348483741283417,0.8938454389572144,0.9007251858711243,0.8080655932426453,0.8193812370300293,0.9109952449798584,0.9124269485473633,0.9742742776870728,0.9752522110939026,70
manet_rotate_90_cw_s3,0.3478951156139374,0.3329978585243225,0.8948764204978943,0.9008349180221558,0.8097524046897888,0.8195628523826599,0.9112908840179443,0.9122506380081177,0.9742264151573181,0.9752582311630249,66
manet_rotate_90_cw_s4,0.3441709280014038,0.3314722180366516,0.8953437805175781,0.9008558988571167,0.8105180263519287,0.819597601890564,0.911532998085022,0.9121840000152588,0.9743505716323853,0.9753960967063904,41
manet_rotate_180_s0,0.3464948832988739,0.33260634541511536,0.8948924541473389,0.9008888602256775,0.80977863073349,0.8196521997451782,0.9113496541976929,0.912311315536499,0.9742031097412109,0.9752419590950012,30
manet_rotate_180_s1,0.3485112190246582,0.3336302638053894,0.894593358039856,0.9005023241043091,0.8092889189720154,0.8190125226974487,0.9113194942474365,0.9121094942092896,0.9743067026138306,0.9752461910247803,78
manet_rotate_180_s2,0.3507273197174072,0.334084153175354,0.8941444754600525,0.9008169770240784,0.8085545301437378,0.8195331692695618,0.9112386703491211,0.9125171303749084,0.9743484258651733,0.9753674268722534,70
manet_rotate_180_s3,0.3480820059776306,0.33308589458465576,0.8945853114128113,0.9007541537284851,0.80927574634552,0.8194291591644287,0.9112218618392944,0.9122897386550903,0.9742023348808289,0.9752527475357056,65
manet_rotate_180_s4,0.34789299964904785,0.3337276577949524,0.8946092128753662,0.9007028341293335,0.8093148469924927,0.8193442821502686,0.9111924171447754,0.9122073650360107,0.9740838408470154,0.975101113319397,46
manet_rotate_90_ccw_s0,0.34913986921310425,0.33478283882141113,0.8942164182662964,0.9002988338470459,0.8086721897125244,0.8186759352684021,0.9110665917396545,0.9119343757629395,0.9741670489311218,0.9750345945358276,53
manet_rotate_90_ccw_s1,0.34787261486053467,0.3320613503456116,0.8947237133979797,0.9009014368057251,0.8095023036003113,0.8196730017662048,0.9114686250686646,0.9124453067779541,0.974328875541687,0.9754153490066528,76
manet_rotate_90_ccw_s2,0.3508843779563904,0.33300191164016724,0.8943296074867249,0.900973916053772,0.8088573217391968,0.8197929859161377,0.9112911224365234,0.9125965237617493,0.9743252396583557,0.9754538536071777,70
manet_rotate_90_ccw_s3,0.35117602348327637,0.3339277505874634,0.8942482471466064,0.9010480046272278,0.8087242841720581,0.8199157118797302,0.9112890362739563,0.9126956462860107,0.9743814468383789,0.9753539562225342,61
manet_rotate_90_ccw_s4,0.3453584909439087,0.3331494927406311,0.8948071599006653,0.9002346992492676,0.8096389174461365,0.8185698390007019,0.9109406471252441,0.9115751385688782,0.9741816520690918,0.9751682281494141,68
manet_flip_horizontal_s0,0.3475832939147949,0.3325749337673187,0.8948385715484619,0.9011597633361816,0.8096904158592224,0.8201007843017578,0.911585807800293,0.9127041101455688,0.9744767546653748,0.9753862619400024,73
manet_flip_horizontal_s1,0.35210955142974854,0.3350006341934204,0.8944529891014099,0.9009960889816284,0.8090592622756958,0.8198297619819641,0.9113903641700745,0.9126142263412476,0.9743350744247437,0.9752471446990967,37
manet_flip_horizontal_s2,0.3484610319137573,0.3321342170238495,0.894700288772583,0.9011920094490051,0.8094639778137207,0.8201541900634766,0.9115087985992432,0.9127469658851624,0.9744400382041931,0.9754911065101624,70
manet_flip_horizontal_s3,0.3441801071166992,0.3301215171813965,0.895574688911438,0.9013491272926331,0.8108965158462524,0.8204145431518555,0.9118746519088745,0.912712574005127,0.9745831489562988,0.9756227135658264,65
manet_flip_horizontal_s4,0.3485063910484314,0.3337961435317993,0.894548237323761,0.9007667303085327,0.8092150688171387,0.8194499611854553,0.911270260810852,0.9123166799545288,0.9741207361221313,0.9751235842704773,46
manet_flip_vertical_s0,0.35164976119995117,0.3345264792442322,0.8944159746170044,0.9006248116493225,0.8089986443519592,0.8192151784896851,0.9113380908966064,0.9122731685638428,0.9742367267608643,0.9752592444419861,99
manet_flip_vertical_s1,0.3489357829093933,0.3334956765174866,0.894637942314148,0.9007434248924255,0.8093619346618652,0.8194114565849304,0.9114128351211548,0.9123278260231018,0.9743193984031677,0.9752694964408875,76
manet_flip_vertical_s2,0.342382550239563,0.3313063681125641,0.8954248428344727,0.9004729986190796,0.8106509447097778,0.8189639449119568,0.9113264083862305,0.9117350578308105,0.9744533896446228,0.9754860401153564,47
manet_flip_vertical_s3,0.34350478649139404,0.33172324299812317,0.8953230977058411,0.9007192254066467,0.8104841113090515,0.8193713426589966,0.911439061164856,0.9120420217514038,0.9744489789009094,0.9753677845001221,66
manet_flip_vertical_s4,0.34902527928352356,0.333036333322525,0.894423246383667,0.9007322788238525,0.8090105056762695,0.8193930387496948,0.9112993478775024,0.9123404622077942,0.9743050932884216,0.9753273129463196,58
manet_gauss_003_s0,0.35353782773017883,0.3357720375061035,0.893592894077301,0.9004969000816345,0.8076528906822205,0.8190035820007324,0.9106723666191101,0.9121789336204529,0.9738730192184448,0.9750221967697144,22
manet_gauss_003_s1,0.3487284183502197,0.3347671926021576,0.8940296173095703,0.8997185826301575,0.8083666563034058,0.8177167773246765,0.9104219675064087,0.9111660122871399,0.9737401008605957,0.9749112129211426,23
manet_gauss_003_s2,0.3475184142589569,0.3345768451690674,0.8944260478019714,0.9001041054725647,0.809015154838562,0.8183538913726807,0.9109789133071899,0.9116439819335938,0.9740487337112427,0.9750269055366516,23
manet_gauss_003_s3,0.35631221532821655,0.33852970600128174,0.8927101492881775,0.8999282717704773,0.8062117695808411,0.8180632591247559,0.9102647304534912,0.9118385314941406,0.9739061594009399,0.97490394115448,31
manet_gauss_003_s4,0.34613537788391113,0.33321046829223633,0.8945856094360352,0.9003692865371704,0.8092762231826782,0.8187924027442932,0.910916805267334,0.9117680788040161,0.9740630388259888,0.9751739501953125,24
manet_gauss_005_s0,0.35457101464271545,0.3368578553199768,0.8933464884757996,0.9003294110298157,0.8072503805160522,0.8187264800071716,0.9106336832046509,0.912123441696167,0.973972737789154,0.9750335216522217,29
manet_gauss_005_s1,0.3504776954650879,0.3368983864784241,0.8937910199165344,0.8996819257736206,0.8079766631126404,0.8176562190055847,0.9105374813079834,0.9112789034843445,0.9737379550933838,0.9746648073196411,15
manet_gauss_005_s2,0.3493824601173401,0.33497798442840576,0.8942903280258179,0.9002109169960022,0.8087930679321289,0.8185304403305054,0.9109777212142944,0.9117934703826904,0.9739269018173218,0.9749742150306702,22
manet_gauss_005_s3,0.3469064235687256,0.3338315188884735,0.8947759866714478,0.9003021717071533,0.8095879554748535,0.8186814188957214,0.9112858772277832,0.9118061065673828,0.9741928577423096,0.9750757217407227,29
manet_gauss_005_s4,0.34535539150238037,0.333614706993103,0.8947960138320923,0.9000917077064514,0.80962073802948,0.8183333873748779,0.9110120534896851,0.9114516973495483,0.974116325378418,0.9751622080802917,24
manet_gauss_01_s0,0.35164394974708557,0.33600568771362305,0.8937168717384338,0.9001365900039673,0.807855486869812,0.8184075951576233,0.9105179309844971,0.9117439985275269,0.9737737774848938,0.9748303890228271,29
manet_gauss_01_s1,0.34939324855804443,0.3342074155807495,0.8941261172294617,0.8999473452568054,0.8085244297981262,0.818094789981842,0.9108272790908813,0.9115340709686279,0.9739829897880554,0.9750591516494751,30
manet_gauss_01_s2,0.3505207896232605,0.3353963792324066,0.8940873742103577,0.9005396366119385,0.8084611296653748,0.8190742135047913,0.9109833240509033,0.9121689200401306,0.9739862084388733,0.9750520586967468,22
manet_gauss_01_s3,0.34702450037002563,0.33512479066848755,0.8946623206138611,0.8999012112617493,0.80940181016922,0.8180186152458191,0.910912275314331,0.9113303422927856,0.9739638566970825,0.9748465418815613,27
manet_gauss_01_s4,0.3500151038169861,0.3344212770462036,0.8945160508155823,0.9005342721939087,0.809162437915802,0.8190653920173645,0.9111363887786865,0.9120349884033203,0.9740644693374634,0.975069522857666,34
manet_gauss_02_s0,0.3485778868198395,0.33472150564193726,0.8943616151809692,0.8998936414718628,0.8089097142219543,0.8180060386657715,0.9107738733291626,0.9113847613334656,0.9739202260971069,0.9749406576156616,22
manet_gauss_02_s1,0.3522473871707916,0.33522528409957886,0.8935147523880005,0.9003991484642029,0.8075252175331116,0.818841814994812,0.9106963872909546,0.9121233820915222,0.9739773869514465,0.9751507043838501,30
manet_gauss_02_s2,0.34608280658721924,0.3338850140571594,0.894843339920044,0.9005000591278076,0.809698224067688,0.8190087080001831,0.9110031127929688,0.9118435382843018,0.9740211963653564,0.9751165509223938,22
manet_gauss_02_s3,0.3491625189781189,0.3348231911659241,0.8941798210144043,0.9002873301506042,0.8086122870445251,0.8186568021774292,0.9108604788780212,0.9118404984474182,0.9739770889282227,0.9749971628189087,45
manet_gauss_02_s4,0.34776461124420166,0.33552831411361694,0.8943158984184265,0.8998104333877563,0.8088349103927612,0.8178685903549194,0.9105965495109558,0.911216676235199,0.9739317893981934,0.9748198986053467,41
manet_gauss_05_s0,0.35184118151664734,0.3370109796524048,0.8939409255981445,0.9001359343528748,0.808221697807312,0.8184065818786621,0.9108955264091492,0.9118332862854004,0.9740390777587891,0.9748612642288208,43
manet_gauss_05_s1,0.3512381613254547,0.3358301520347595,0.8942499756813049,0.8998751044273376,0.8087270855903625,0.8179754018783569,0.9108206033706665,0.9114325046539307,0.9738644361495972,0.9748784303665161,58
manet_gauss_05_s2,0.3464343547821045,0.3344382643699646,0.8944246768951416,0.8997934460639954,0.8090128898620605,0.8178404569625854,0.9105704426765442,0.9111980199813843,0.973956823348999,0.9749969244003296,51
manet_gauss_05_s3,0.3550482392311096,0.3387223482131958,0.8929237723350525,0.8994682431221008,0.8065603971481323,0.8173033595085144,0.910064697265625,0.9112434387207031,0.9735106229782104,0.9745944738388062,27
manet_gauss_05_s4,0.3499826192855835,0.3351559042930603,0.8943013548851013,0.9005249738693237,0.8088111281394958,0.8190500140190125,0.9109891653060913,0.9120609760284424,0.9740306735038757,0.97499680519104,40
manet_contrast_a0.8_b-20_s0,0.34740132093429565,0.3344665765762329,0.8946515917778015,0.900378406047821,0.809384286403656,0.8188074827194214,0.9114183783531189,0.9119704961776733,0.9742984175682068,0.9750533699989319,33
manet_contrast_a0.8_b-20_s1,0.34726059436798096,0.33464905619621277,0.8946890830993652,0.9000378847122192,0.8094456791877747,0.818244457244873,0.9111419320106506,0.9115157127380371,0.9740750789642334,0.9749041795730591,25
manet_contrast_a0.8_b-20_s2,0.3472605347633362,0.3347153067588806,0.8944534659385681,0.8998820781707764,0.8090599775314331,0.8179869055747986,0.9110066890716553,0.9113906025886536,0.974037230014801,0.9749270677566528,26
manet_contrast_a0.8_b-20_s3,0.34816330671310425,0.33534038066864014,0.8943666815757751,0.8997613787651062,0.8089180588722229,0.8177874684333801,0.9109004735946655,0.9112151861190796,0.9739409685134888,0.9748110175132751,31
manet_contrast_a0.8_b-20_s4,0.3462101221084595,0.33382123708724976,0.8946599364280701,0.9001311659812927,0.8093979358673096,0.818398654460907,0.9110185503959656,0.9115433096885681,0.9741553068161011,0.9750514030456543,28
manet_contrast_a0.8_b-10_s0,0.3511064648628235,0.33623892068862915,0.8937633633613586,0.9000070691108704,0.8079314827919006,0.8181934952735901,0.9107950329780579,0.9116998910903931,0.9739693403244019,0.9748170375823975,34
manet_contrast_a0.8_b-10_s1,0.352853000164032,0.33579957485198975,0.8931357860565186,0.9001065492630005,0.8069063425064087,0.8183579444885254,0.9104416370391846,0.9118077754974365,0.9739312529563904,0.9749312996864319,41
manet_contrast_a0.8_b-10_s2,0.3531581163406372,0.3365429937839508,0.8934609293937683,0.9001194834709167,0.8074373006820679,0.818379282951355,0.9107304811477661,0.9118883609771729,0.9740105867385864,0.9749547243118286,22
manet_contrast_a0.8_b-10_s3,0.3516031503677368,0.33637887239456177,0.8934907913208008,0.8997786641120911,0.8074860572814941,0.8178160786628723,0.9105963706970215,0.9115029573440552,0.9739477634429932,0.9748762249946594,33
manet_contrast_a0.8_b-10_s4,0.3531414866447449,0.3364142179489136,0.8935650587081909,0.9004369974136353,0.8076073527336121,0.818904459476471,0.9107420444488525,0.9121488332748413,0.9739148616790771,0.9749022126197815,21
manet_contrast_a0.8_b0_s0,0.3514482378959656,0.3354112207889557,0.8937253355979919,0.900272786617279,0.8078693151473999,0.8186327815055847,0.9107447862625122,0.9119365215301514,0.973895788192749,0.9749542474746704,21
manet_contrast_a0.8_b0_s1,0.35231226682662964,0.3357774019241333,0.8934392333030701,0.9002545475959778,0.8074018955230713,0.8186026811599731,0.9107410311698914,0.9120197892189026,0.9740040898323059,0.97503662109375,51
manet_contrast_a0.8_b0_s2,0.3508484959602356,0.33533018827438354,0.8935819268226624,0.9003946781158447,0.8076350092887878,0.8188343644142151,0.9105537533760071,0.9120138883590698,0.973798394203186,0.97492915391922,27
manet_contrast_a0.8_b0_s3,0.35035091638565063,0.3351634740829468,0.8937031030654907,0.9001448154449463,0.8078330159187317,0.8184212446212769,0.9104820489883423,0.911660373210907,0.9738725423812866,0.974880576133728,41
manet_contrast_a0.8_b0_s4,0.34740281105041504,0.3344263732433319,0.8942767977714539,0.900115966796875,0.8087709546089172,0.8183735013008118,0.9106528162956238,0.9115231037139893,0.9738361835479736,0.9750491380691528,23
manet_contrast_a0.8_b10_s0,0.35081106424331665,0.33526524901390076,0.8941119909286499,0.9002714157104492,0.8085013628005981,0.8186305165290833,0.9108868837356567,0.9118606448173523,0.9738975763320923,0.9749288558959961,20
manet_contrast_a0.8_b10_s1,0.3528771698474884,0.33501529693603516,0.8938451409339905,0.9006555080413818,0.8080651164054871,0.8192659616470337,0.910864531993866,0.9123164415359497,0.9739441871643066,0.9751347899436951,30
manet_contrast_a0.8_b10_s2,0.3540647327899933,0.3361436128616333,0.8935030102729797,0.900424599647522,0.8075060248374939,0.8188838958740234,0.9106397032737732,0.9121249914169312,0.9738292694091797,0.9749598503112793,22
manet_contrast_a0.8_b10_s3,0.34950703382492065,0.33421915769577026,0.894661545753479,0.9005452990531921,0.8094004988670349,0.8190836310386658,0.9113109111785889,0.9120770692825317,0.9741073846817017,0.9750937223434448,37
manet_contrast_a0.8_b10_s4,0.3563002645969391,0.33726438879966736,0.8933203220367432,0.900107204914093,0.8072076439857483,0.8183590173721313,0.910524308681488,0.9118542671203613,0.9737379550933838,0.9749009609222412,28
manet_contrast_a0.8_b20_s0,0.35396528244018555,0.3378028869628906,0.8935692310333252,0.8999212384223938,0.807614266872406,0.8180515766143799,0.9104200601577759,0.9115472435951233,0.973741352558136,0.9747024774551392,44
manet_contrast_a0.8_b20_s1,0.35476964712142944,0.338741660118103,0.893454909324646,0.8996685147285461,0.8074274659156799,0.817634105682373,0.9104273319244385,0.9113823175430298,0.9736682176589966,0.9745691418647766,39
manet_contrast_a0.8_b20_s2,0.35686540603637695,0.33790844678878784,0.8933203816413879,0.9003863334655762,0.8072077631950378,0.818820595741272,0.9106900691986084,0.9122098684310913,0.9739654064178467,0.9750251770019531,33
manet_contrast_a0.8_b20_s3,0.35534825921058655,0.33827561140060425,0.8937129974365234,0.900172233581543,0.807849109172821,0.8184665441513062,0.9105741381645203,0.9117903709411621,0.973853588104248,0.9748319387435913,41
manet_contrast_a0.8_b20_s4,0.35217779874801636,0.33644038438796997,0.8941906094551086,0.9001518487930298,0.8086299896240234,0.8184328079223633,0.9108302593231201,0.9117011427879333,0.9738253951072693,0.9748474359512329,25
manet_contrast_a0.9_b-20_s0,0.35489076375961304,0.3379465341567993,0.8931635618209839,0.8999626040458679,0.8069517016410828,0.818120002746582,0.9106535911560059,0.9118474721908569,0.9741450548171997,0.9749667048454285,29
manet_contrast_a0.9_b-20_s1,0.3592626452445984,0.34108835458755493,0.8927537202835083,0.899376392364502,0.8062829375267029,0.817151665687561,0.9103578925132751,0.9113553166389465,0.9739266633987427,0.9747050404548645,37
manet_contrast_a0.9_b-20_s2,0.3506816029548645,0.3373206853866577,0.8934326171875,0.8994693160057068,0.8073911070823669,0.8173050284385681,0.9101364612579346,0.9110252857208252,0.973566472530365,0.9745874404907227,30
manet_contrast_a0.9_b-20_s3,0.3465423583984375,0.33566075563430786,0.8944969773292542,0.8998352289199829,0.8091312050819397,0.8179095387458801,0.910956859588623,0.911312460899353,0.9741218090057373,0.9748393893241882,34
manet_contrast_a0.9_b-20_s4,0.34720057249069214,0.3347522020339966,0.894591748714447,0.8999568223953247,0.80928635597229,0.8181105256080627,0.9111162424087524,0.9114591479301453,0.9741307497024536,0.9749284982681274,28
manet_contrast_a0.9_b-10_s0,0.3516806364059448,0.33493781089782715,0.8937121629714966,0.900238573551178,0.807847797870636,0.8185762166976929,0.9108171463012695,0.9118577837944031,0.9739915728569031,0.974986732006073,22
manet_contrast_a0.9_b-10_s1,0.3505897521972656,0.3358035981655121,0.8940173983573914,0.9001834392547607,0.8083467483520508,0.8184850215911865,0.9110151529312134,0.9118502140045166,0.9741392731666565,0.974915087223053,25
manet_contrast_a0.9_b-10_s2,0.35033586621284485,0.33587345480918884,0.8941911458969116,0.9003930687904358,0.8086308240890503,0.818831741809845,0.910999059677124,0.9119663834571838,0.9739550948143005,0.9748491048812866,20
manet_contrast_a0.9_b-10_s3,0.3476299047470093,0.3330281376838684,0.8943889737129211,0.9005634784698486,0.8089544773101807,0.8191136717796326,0.9110530018806458,0.9120205044746399,0.974107027053833,0.9751981496810913,29
manet_contrast_a0.9_b-10_s4,0.353556752204895,0.33515989780426025,0.8933901786804199,0.90046226978302,0.8073217868804932,0.8189462423324585,0.910679817199707,0.912163257598877,0.9740086793899536,0.9751033782958984,28
manet_contrast_a0.9_b0_s0,0.34584107995033264,0.3331199288368225,0.8947827816009521,0.9003086686134338,0.809598982334137,0.818692147731781,0.9110302925109863,0.9116699695587158,0.9740437865257263,0.9751847982406616,21
manet_contrast_a0.9_b0_s1,0.347825288772583,0.33436065912246704,0.8945978283882141,0.9001591205596924,0.8092962503433228,0.8184449076652527,0.9110252261161804,0.911618173122406,0.9740562438964844,0.9749815464019775,29
manet_contrast_a0.9_b0_s2,0.35293716192245483,0.3352459669113159,0.8938290476799011,0.9004831910133362,0.8080388307571411,0.8189808130264282,0.9108544588088989,0.9121246933937073,0.9739245176315308,0.9750356674194336,24
manet_contrast_a0.9_b0_s3,0.3484306335449219,0.33407875895500183,0.8943474292755127,0.9004477262496948,0.8088864684104919,0.8189221620559692,0.9110794067382812,0.9119688272476196,0.9741213321685791,0.9750460386276245,27
manet_contrast_a0.9_b0_s4,0.35236573219299316,0.3363623321056366,0.8937621712684631,0.9001795053482056,0.807929515838623,0.818478524684906,0.9106782078742981,0.9118028283119202,0.9738826155662537,0.9748179316520691,22
manet_contrast_a0.9_b10_s0,0.34768611192703247,0.33480530977249146,0.8946996927261353,0.8997941017150879,0.8094629645347595,0.8178415894508362,0.9109736680984497,0.9112493395805359,0.9740804433822632,0.9749804735183716,32
manet_contrast_a0.9_b10_s1,0.35636210441589355,0.33870118856430054,0.892893373966217,0.8995938301086426,0.8065107464790344,0.817510724067688,0.9102893471717834,0.9114720225334167,0.9736995697021484,0.9747478365898132,40
manet_contrast_a0.9_b10_s2,0.3480561375617981,0.33503755927085876,0.8942492604255676,0.8998962044715881,0.8087259531021118,0.8180102705955505,0.9105228185653687,0.9113272428512573,0.9738106727600098,0.9748630523681641,22
manet_contrast_a0.9_b10_s3,0.35413748025894165,0.3368279039859772,0.8934539556503296,0.900122880935669,0.8074259161949158,0.8183849453926086,0.9107546806335449,0.9119324684143066,0.9740285277366638,0.9750044345855713,31
manet_contrast_a0.9_b10_s4,0.34878939390182495,0.33291423320770264,0.8945706486701965,0.9007402062416077,0.8092517256736755,0.8194061517715454,0.9111591577529907,0.912216305732727,0.9740477800369263,0.975236177444458,24
manet_contrast_a0.9_b20_s0,0.346984326839447,0.33548957109451294,0.8946716785430908,0.8998344540596008,0.8094171285629272,0.8179082274436951,0.9110851287841797,0.9113377332687378,0.9740741848945618,0.9747987389564514,29
manet_contrast_a0.9_b20_s1,0.3546202778816223,0.3389301896095276,0.8931306600570679,0.8996884822845459,0.8068979978561401,0.8176670074462891,0.9104616641998291,0.9115298986434937,0.9737449884414673,0.9746097922325134,17
manet_contrast_a0.9_b20_s2,0.35267388820648193,0.3373202681541443,0.8933134078979492,0.8999006748199463,0.8071963787078857,0.8180176615715027,0.9105604887008667,0.9116942882537842,0.9739354252815247,0.9748321771621704,39
manet_contrast_a0.9_b20_s3,0.3464626669883728,0.33616963028907776,0.8944714069366455,0.8991957902908325,0.8090893626213074,0.8168535232543945,0.9105240106582642,0.910576343536377,0.9738736152648926,0.9747455716133118,17
manet_contrast_a0.9_b20_s4,0.3498838543891907,0.33575692772865295,0.894502580165863,0.900092601776123,0.8091403841972351,0.8183348774909973,0.9110180139541626,0.9116029143333435,0.9740123748779297,0.974888026714325,28
manet_contrast_a1.0_b-20_s0,0.3580705523490906,0.3403155207633972,0.8922403454780579,0.8992018699645996,0.8054457306861877,0.8168635368347168,0.910001814365387,0.9112052321434021,0.9738240242004395,0.974696159362793,22
manet_contrast_a1.0_b-20_s1,0.34778499603271484,0.3367661237716675,0.8943712115287781,0.8998235464096069,0.808925449848175,0.8178902268409729,0.9109019041061401,0.9113835692405701,0.97397780418396,0.9747918844223022,30
manet_contrast_a1.0_b-20_s2,0.3525758981704712,0.33737292885780334,0.8935593962669373,0.8997156023979187,0.8075981736183167,0.8177118897438049,0.9106160402297974,0.911446750164032,0.9738813042640686,0.9747065901756287,35
manet_contrast_a1.0_b-20_s3,0.34691640734672546,0.3342222571372986,0.8945440649986267,0.9002107977867126,0.8092082142829895,0.8185303211212158,0.9110105633735657,0.9116624593734741,0.9740949273109436,0.975027859210968,37
manet_contrast_a1.0_b-20_s4,0.3502005934715271,0.33787477016448975,0.8936808109283447,0.8994544744491577,0.8077965378761292,0.8172805905342102,0.910553514957428,0.9110865592956543,0.9738782644271851,0.9746130704879761,24
manet_contrast_a1.0_b-10_s0,0.3437880277633667,0.3346291184425354,0.8952433466911316,0.8998637795448303,0.8103534579277039,0.8179567456245422,0.9113859534263611,0.9112666845321655,0.9743483066558838,0.9749643802642822,22
manet_contrast_a1.0_b-10_s1,0.3487805426120758,0.3350791931152344,0.894133448600769,0.8999159336090088,0.8085365295410156,0.8180428743362427,0.9107084274291992,0.9114290475845337,0.9738885164260864,0.9748663306236267,19
manet_contrast_a1.0_b-10_s2,0.3458610773086548,0.3348250389099121,0.8946986198425293,0.9001986980438232,0.809461236000061,0.8185102939605713,0.9109464883804321,0.9116170406341553,0.9741027355194092,0.9750362038612366,29
manet_contrast_a1.0_b-10_s3,0.3453276753425598,0.3349475860595703,0.8947980403900146,0.9000504612922668,0.8096240162849426,0.8182651996612549,0.9110422730445862,0.9114562273025513,0.9741722345352173,0.975017786026001,17
manet_contrast_a1.0_b-10_s4,0.34778204560279846,0.3351564109325409,0.894412100315094,0.900162935256958,0.808992326259613,0.8184511661529541,0.9110779762268066,0.9116780757904053,0.974103569984436,0.9749252796173096,27
manet_contrast_a1.0_b0_s0,0.34587252140045166,0.33347827196121216,0.8947240710258484,0.9001339077949524,0.8095028400421143,0.8184031844139099,0.9109965562820435,0.9115411043167114,0.9740771055221558,0.9751150608062744,30
manet_contrast_a1.0_b0_s1,0.35848379135131836,0.33949920535087585,0.8921255469322205,0.8995588421821594,0.8052586913108826,0.8174529671669006,0.9098192453384399,0.9115087985992432,0.9736223220825195,0.9747625589370728,20
manet_contrast_a1.0_b0_s2,0.350006103515625,0.334746390581131,0.8942181468009949,0.900100588798523,0.8086749911308289,0.8183481097221375,0.9108242988586426,0.9116582870483398,0.973904550075531,0.974991500377655,35
manet_contrast_a1.0_b0_s3,0.34831756353378296,0.33533722162246704,0.8940268754959106,0.8998984694480896,0.8083621859550476,0.8180140256881714,0.9106647968292236,0.9114558696746826,0.9739454984664917,0.9748960733413696,31
manet_contrast_a1.0_b0_s4,0.35052263736724854,0.33535903692245483,0.8937814235687256,0.9002685546875,0.8079609870910645,0.818625807762146,0.9105883836746216,0.9118629693984985,0.9737831354141235,0.9748769998550415,31
manet_contrast_a1.0_b10_s0,0.3486522138118744,0.3352373242378235,0.8941773772239685,0.900070071220398,0.80860835313797,0.8182976245880127,0.9107367396354675,0.9115849733352661,0.973884642124176,0.9748444557189941,34
manet_contrast_a1.0_b10_s1,0.3539981245994568,0.3388617932796478,0.8931114673614502,0.8996732234954834,0.8068667054176331,0.8176419138908386,0.9104197025299072,0.9115098714828491,0.973781943321228,0.9746418595314026,17
manet_contrast_a1.0_b10_s2,0.3467155694961548,0.33567336201667786,0.8945309519767761,0.8995931148529053,0.8091867566108704,0.8175094723701477,0.9109369516372681,0.9111078977584839,0.9740732908248901,0.9747851490974426,37
manet_contrast_a1.0_b10_s3,0.3523690700531006,0.33707401156425476,0.8935709595680237,0.8996456265449524,0.8076170682907104,0.8175961971282959,0.9104808568954468,0.9113255739212036,0.9736561179161072,0.9746737480163574,21
manet_contrast_a1.0_b10_s4,0.34927937388420105,0.33498460054397583,0.8943241834640503,0.9002848267555237,0.8088484406471252,0.8186527490615845,0.9111306667327881,0.9119226932525635,0.9740896224975586,0.975036084651947,35
manet_contrast_a1.0_b20_s0,0.34929800033569336,0.33547890186309814,0.8943405747413635,0.9002044796943665,0.8088752627372742,0.8185198307037354,0.9111036062240601,0.9117828607559204,0.9740268588066101,0.9749305248260498,29
manet_contrast_a1.0_b20_s1,0.35018038749694824,0.3379141092300415,0.8939080238342285,0.8992424607276917,0.8081678748130798,0.8169305324554443,0.9106882214546204,0.9109090566635132,0.9738409519195557,0.9746326208114624,34
manet_contrast_a1.0_b20_s2,0.3495017886161804,0.33776289224624634,0.8941053152084351,0.8992978930473328,0.8084904551506042,0.8170220851898193,0.9106478095054626,0.9108613133430481,0.9737426042556763,0.9745155572891235,20
manet_contrast_a1.0_b20_s3,0.3467000126838684,0.3352723717689514,0.8945919275283813,0.8996500372886658,0.8092866539955139,0.8176035284996033,0.9110456705093384,0.9111344814300537,0.9741199612617493,0.9748284816741943,41
manet_contrast_a1.0_b20_s4,0.34634190797805786,0.33508503437042236,0.8949084877967834,0.9000397324562073,0.8098048567771912,0.8182474970817566,0.9113043546676636,0.9115269184112549,0.974254846572876,0.9748822450637817,28
manet_contrast_a1.1_b-20_s0,0.3528417646884918,0.336922287940979,0.8936249017715454,0.9000375270843506,0.8077052235603333,0.8182439208030701,0.9108125567436218,0.9118164777755737,0.9740235805511475,0.9749382734298706,29
manet_contrast_a1.1_b-20_s1,0.3495112955570221,0.3365473747253418,0.8939039707183838,0.899674117565155,0.8081613183021545,0.8176433444023132,0.9105907678604126,0.9112627506256104,0.973810076713562,0.9746681451797485,30
manet_contrast_a1.1_b-20_s2,0.348503053188324,0.33622485399246216,0.8942744731903076,0.8996129035949707,0.8087671995162964,0.8175421953201294,0.9106733202934265,0.9111126661300659,0.9738319516181946,0.9746971130371094,20
manet_contrast_a1.1_b-20_s3,0.3469034731388092,0.3372824788093567,0.8945497870445251,0.8994084000587463,0.809217631816864,0.817204475402832,0.9107993841171265,0.9108686447143555,0.9739518761634827,0.9747335910797119,17
manet_contrast_a1.1_b-20_s4,0.3494858741760254,0.336849570274353,0.8939522504806519,0.8995941877365112,0.8082401752471924,0.8175113201141357,0.910477340221405,0.9111154079437256,0.9736759066581726,0.9747291207313538,20
manet_contrast_a1.1_b-10_s0,0.34841442108154297,0.3357471525669098,0.8941078186035156,0.8999695181846619,0.8084945678710938,0.8181314468383789,0.9106864929199219,0.9114978313446045,0.9739171862602234,0.9749053716659546,32
manet_contrast_a1.1_b-10_s1,0.3530363142490387,0.33613112568855286,0.8933290839195251,0.8998653888702393,0.8072220087051392,0.8179593682289124,0.9105212688446045,0.9116339683532715,0.9738080501556396,0.9750046730041504,30
manet_contrast_a1.1_b-10_s2,0.3521078824996948,0.33500656485557556,0.8936980366706848,0.9006072878837585,0.8078247308731079,0.8191861510276794,0.910855770111084,0.9123232364654541,0.9740591049194336,0.9751986265182495,23
manet_contrast_a1.1_b-10_s3,0.3491142988204956,0.3351370692253113,0.894356369972229,0.9003055095672607,0.8089010715484619,0.8186869025230408,0.9110493659973145,0.9118776917457581,0.973956823348999,0.9749066829681396,27
manet_contrast_a1.1_b-10_s4,0.34563860297203064,0.33339330554008484,0.8949106931686401,0.9001805782318115,0.8098084926605225,0.8184803128242493,0.9109958410263062,0.9115301370620728,0.9740996360778809,0.9751089811325073,22
manet_contrast_a1.1_b0_s0,0.35579168796539307,0.33820009231567383,0.8928082585334778,0.9000751972198486,0.8063718676567078,0.8183061480522156,0.9103702306747437,0.9119781255722046,0.9739483594894409,0.974980354309082,32
manet_contrast_a1.1_b0_s1,0.34783828258514404,0.3337710499763489,0.8944334387779236,0.9002956748008728,0.8090272545814514,0.8186706304550171,0.9108788967132568,0.9117540121078491,0.9739503264427185,0.9750596284866333,33
manet_contrast_a1.1_b0_s2,0.3489811420440674,0.3352341055870056,0.8939963579177856,0.9003152847290039,0.8083122968673706,0.8187030553817749,0.9108262658119202,0.9118951559066772,0.9740167856216431,0.9749646186828613,26
manet_contrast_a1.1_b0_s3,0.35334619879722595,0.3386356830596924,0.8935490250587463,0.8995885252952576,0.8075811862945557,0.8175019025802612,0.910489022731781,0.9112979173660278,0.973682701587677,0.9744976758956909,15
manet_contrast_a1.1_b0_s4,0.34643101692199707,0.3339605927467346,0.8949688673019409,0.9004555940628052,0.8099038004875183,0.8189351558685303,0.9115378856658936,0.9119817614555359,0.9743163585662842,0.9750781059265137,29
manet_contrast_a1.1_b10_s0,0.3473843038082123,0.33430761098861694,0.8945326209068298,0.9000731706619263,0.80918949842453,0.8183027505874634,0.9109586477279663,0.9115266799926758,0.9740482568740845,0.974984884262085,22
manet_contrast_a1.1_b10_s1,0.343553364276886,0.33448326587677,0.8955658674240112,0.9000265002250671,0.810882031917572,0.8182256817817688,0.91181480884552,0.9114778637886047,0.9745270013809204,0.9749518036842346,25
manet_contrast_a1.1_b10_s2,0.34677040576934814,0.33510899543762207,0.8949447870254517,0.9001359343528748,0.8098642826080322,0.8184065222740173,0.9115262627601624,0.9116643667221069,0.9743071794509888,0.974894642829895,19
manet_contrast_a1.1_b10_s3,0.3459116816520691,0.3338414430618286,0.8950198292732239,0.8999970555305481,0.8099871873855591,0.8181769251823425,0.91131591796875,0.911388099193573,0.9741883277893066,0.9750466346740723,27
manet_contrast_a1.1_b10_s4,0.3464522361755371,0.3337162137031555,0.8948162794113159,0.9001946449279785,0.8096538186073303,0.8185036182403564,0.9112684726715088,0.9116138219833374,0.9741731882095337,0.9750865697860718,28
manet_contrast_a1.1_b20_s0,0.3535938858985901,0.3377959132194519,0.8937923908233643,0.9000399708747864,0.8079788684844971,0.81824791431427,0.9111586809158325,0.9118907451629639,0.9743612408638,0.9749722480773926,29
manet_contrast_a1.1_b20_s1,0.35504937171936035,0.3389984369277954,0.8934652209281921,0.8998809456825256,0.8074443340301514,0.8179851174354553,0.910930871963501,0.9118317365646362,0.9742107391357422,0.974948525428772,37
manet_contrast_a1.1_b20_s2,0.3514668643474579,0.33768630027770996,0.8937387466430664,0.8995178937911987,0.8078912496566772,0.8173853158950806,0.9107613563537598,0.9112215042114258,0.9739074110984802,0.9746079444885254,30
manet_contrast_a1.1_b20_s3,0.35340142250061035,0.3388340473175049,0.8934468030929565,0.8993002772331238,0.807414174079895,0.8170260190963745,0.9108763933181763,0.9112201929092407,0.9742175340652466,0.9747464656829834,31
manet_contrast_a1.1_b20_s4,0.34561699628829956,0.3365752100944519,0.8946844339370728,0.8989075422286987,0.8094380497932434,0.8163779377937317,0.9107493758201599,0.9103325009346008,0.974094808101654,0.974703848361969,34
manet_contrast_a1.2_b-20_s0,0.3545163869857788,0.3370552361011505,0.892973780632019,0.9000954627990723,0.8066419363021851,0.8183395862579346,0.9104485511779785,0.9119670987129211,0.97394859790802,0.9750235080718994,30
manet_contrast_a1.2_b-20_s1,0.353360116481781,0.3383789658546448,0.8933433890342712,0.9000279903411865,0.8072453141212463,0.8182280659675598,0.9105367064476013,0.9118016958236694,0.9738025665283203,0.9747549891471863,18
manet_contrast_a1.2_b-20_s2,0.35335010290145874,0.33744490146636963,0.893231213092804,0.8999395966529846,0.8070621490478516,0.8180820345878601,0.9105289578437805,0.9117562770843506,0.9739819169044495,0.9749089479446411,23
manet_contrast_a1.2_b-20_s3,0.3484978973865509,0.3354112505912781,0.8942570090293884,0.8999332189559937,0.8087385892868042,0.8180714845657349,0.9107606410980225,0.9114513397216797,0.9738291501998901,0.9748189449310303,27
manet_contrast_a1.2_b-20_s4,0.35684865713119507,0.33920982480049133,0.892511785030365,0.8997962474822998,0.805888295173645,0.8178451657295227,0.9100121259689331,0.9116871953010559,0.9736897945404053,0.9747668504714966,28
manet_contrast_a1.2_b-10_s0,0.3508993983268738,0.335565447807312,0.8940199613571167,0.9002964496612549,0.8083508610725403,0.8186719417572021,0.9108863472938538,0.9119188189506531,0.9739213585853577,0.9749236106872559,29
manet_contrast_a1.2_b-10_s1,0.35115253925323486,0.3371531367301941,0.8937331438064575,0.8998828530311584,0.8078820705413818,0.8179881572723389,0.910542368888855,0.9115195274353027,0.9736788272857666,0.974656343460083,15
manet_contrast_a1.2_b-10_s2,0.35078972578048706,0.3347383737564087,0.8938844203948975,0.9006450772285461,0.8081293106079102,0.8192487359046936,0.9108008146286011,0.91224604845047,0.9739233255386353,0.97504061460495,37
manet_contrast_a1.2_b-10_s3,0.3603682518005371,0.33990323543548584,0.8924411535263062,0.8998615741729736,0.805773138999939,0.8179529905319214,0.9101017713546753,0.9118061065673828,0.9737850427627563,0.9748923182487488,35
manet_contrast_a1.2_b-10_s4,0.346081018447876,0.33341217041015625,0.8947888612747192,0.900360643863678,0.8096089959144592,0.8187780976295471,0.9109700918197632,0.9117060899734497,0.9739744663238525,0.9751531481742859,24
manet_contrast_a1.2_b0_s0,0.34699222445487976,0.3330836892127991,0.8946318626403809,0.9005582928657532,0.809351921081543,0.8191050887107849,0.9110312461853027,0.9119531512260437,0.9740258455276489,0.9751623868942261,22
manet_contrast_a1.2_b0_s1,0.34710538387298584,0.3336503505706787,0.8948401808738708,0.9008670449256897,0.8096929788589478,0.8196160197257996,0.9114373326301575,0.912341833114624,0.9742270708084106,0.9751538038253784,25
manet_contrast_a1.2_b0_s2,0.35213780403137207,0.33575427532196045,0.8935636878013611,0.9003287553787231,0.8076051473617554,0.8187253475189209,0.9106671214103699,0.9120562076568604,0.9738425612449646,0.9750064611434937,26
manet_contrast_a1.2_b0_s3,0.35425111651420593,0.3358989357948303,0.8933542370796204,0.9001379013061523,0.8072630763053894,0.81840980052948,0.9105618596076965,0.9118127822875977,0.9739474654197693,0.9749830961227417,32
manet_contrast_a1.2_b0_s4,0.345183402299881,0.33353281021118164,0.8947845101356506,0.9003934860229492,0.8096018433570862,0.8188323974609375,0.9109382629394531,0.9117463231086731,0.9741105437278748,0.975231945514679,23
manet_contrast_a1.2_b10_s0,0.34519368410110474,0.33319711685180664,0.8950137495994568,0.9003520607948303,0.8099772334098816,0.8187638521194458,0.9113255143165588,0.9117389917373657,0.9742475748062134,0.9751619100570679,22
manet_contrast_a1.2_b10_s1,0.3497241139411926,0.33643341064453125,0.8942185640335083,0.9000304341316223,0.8086757063865662,0.8182321190834045,0.9111015796661377,0.9117002487182617,0.9741063117980957,0.9748318195343018,29
manet_contrast_a1.2_b10_s2,0.34677672386169434,0.3349858522415161,0.8947513699531555,0.9000627994537354,0.8095475435256958,0.8182856440544128,0.9113016128540039,0.9114946126937866,0.9741739630699158,0.974974513053894,26
manet_contrast_a1.2_b10_s3,0.34700560569763184,0.3339914083480835,0.8947343230247498,0.9000084400177002,0.8095196485519409,0.8181957602500916,0.9113816022872925,0.9115550518035889,0.974273681640625,0.9750609993934631,41
manet_contrast_a1.2_b10_s4,0.3438724875450134,0.3338022232055664,0.895153820514679,0.8997928500175476,0.8102067708969116,0.817839503288269,0.9109893441200256,0.9110623598098755,0.9741662740707397,0.975184440612793,24
manet_contrast_a1.2_b20_s0,0.3459964394569397,0.3373437821865082,0.8947393894195557,0.8989521861076355,0.8095279335975647,0.8164516091346741,0.911035418510437,0.9104751348495483,0.9741103649139404,0.9745419025421143,35
manet_contrast_a1.2_b20_s1,0.34549838304519653,0.33538833260536194,0.8950110673904419,0.89998859167099,0.809972882270813,0.8181629776954651,0.9114602208137512,0.911510169506073,0.9743636250495911,0.9748422503471375,25
manet_contrast_a1.2_b20_s2,0.34786099195480347,0.3361114263534546,0.8943342566490173,0.8993238806724548,0.8088648915290833,0.8170649409294128,0.9108697175979614,0.9107869863510132,0.9739649891853333,0.9747869968414307,30
manet_contrast_a1.2_b20_s3,0.3559008836746216,0.3386813700199127,0.8930110335350037,0.899537205696106,0.806702733039856,0.8174171447753906,0.9104689955711365,0.9114090204238892,0.9740105867385864,0.974785566329956,48
manet_contrast_a1.2_b20_s4,0.3470497727394104,0.33634912967681885,0.8947528600692749,0.8994631171226501,0.8095499873161316,0.8172948360443115,0.9113550186157227,0.911017119884491,0.974256157875061,0.9747035503387451,28
manet_deform_s2_p3_s0,0.3562120795249939,0.3385534882545471,0.8928179144859314,0.9000741243362427,0.8063876032829285,0.8183043003082275,0.9102161526679993,0.9119030237197876,0.973729133605957,0.9747454524040222,32
manet_deform_s2_p3_s1,0.34780216217041016,0.3332536518573761,0.8946568965911865,0.900410532951355,0.8093929886817932,0.818860650062561,0.9112385511398315,0.911923885345459,0.9741665124893188,0.9751886129379272,75
manet_deform_s2_p3_s2,0.3547803461551666,0.337562620639801,0.8929314017295837,0.9000040888786316,0.8065727949142456,0.8181886076927185,0.9103524684906006,0.9118525981903076,0.9737592935562134,0.9749435782432556,46
manet_deform_s2_p3_s3,0.3536233901977539,0.33800727128982544,0.8932661414146423,0.9002882838249207,0.8071192502975464,0.8186584711074829,0.910585880279541,0.9120750427246094,0.9738168716430664,0.9748789072036743,51
manet_deform_s2_p3_s4,0.35036590695381165,0.33709555864334106,0.8941830396652222,0.900492250919342,0.8086175918579102,0.8189958333969116,0.9110164642333984,0.9120931029319763,0.9739032983779907,0.9748709797859192,40
manet_deform_s2_p4_s0,0.3552257716655731,0.33804818987846375,0.8929402828216553,0.9000921249389648,0.806587278842926,0.8183341026306152,0.910305380821228,0.911911129951477,0.9737687110900879,0.9748081564903259,32
manet_deform_s2_p4_s1,0.3513815999031067,0.33590179681777954,0.893793523311615,0.9002283811569214,0.8079807162284851,0.8185594081878662,0.9108204245567322,0.9119330048561096,0.9739694595336914,0.9749934077262878,57
manet_deform_s2_p4_s2,0.3481356203556061,0.33542734384536743,0.8943936824798584,0.9003320932388306,0.8089621067047119,0.8187309503555298,0.9108343124389648,0.9117752909660339,0.9738278388977051,0.9749425053596497,46
manet_deform_s2_p4_s3,0.3506677746772766,0.3362233340740204,0.8938987851142883,0.9002906084060669,0.8081527352333069,0.8186622858047485,0.91075599193573,0.9118947982788086,0.9737540483474731,0.9748485088348389,51
manet_deform_s2_p4_s4,0.34754616022109985,0.3344886898994446,0.8945981860160828,0.9006050825119019,0.8092967867851257,0.8191824555397034,0.9112334251403809,0.9121251106262207,0.9740859866142273,0.9750508666038513,58
manet_deform_s2_p5_s0,0.3503791093826294,0.3342488408088684,0.8942843675613403,0.9005314111709595,0.8087833523750305,0.8190606236457825,0.9110575914382935,0.9121029376983643,0.9740281105041504,0.9751120805740356,87
manet_deform_s2_p5_s1,0.3503333330154419,0.3349023461341858,0.8937729597091675,0.9002147912979126,0.8079471588134766,0.8185369372367859,0.9107903242111206,0.911921501159668,0.9740083813667297,0.9750821590423584,91
manet_deform_s2_p5_s2,0.34581226110458374,0.3338434398174286,0.8946487307548523,0.9003844261169434,0.809379518032074,0.8188174366950989,0.9110021591186523,0.9118354916572571,0.974099338054657,0.9750789999961853,88
manet_deform_s2_p5_s3,0.34833014011383057,0.334118127822876,0.8944472670555115,0.9006558656692505,0.8090497851371765,0.8192664980888367,0.9109870791435242,0.9121214151382446,0.9740198254585266,0.9750622510910034,50
manet_deform_s2_p5_s4,0.3536874055862427,0.33784252405166626,0.8934993147850037,0.9006995558738708,0.8075000047683716,0.819338858127594,0.9107580184936523,0.9124315977096558,0.973914384841919,0.9749880433082581,40
manet_deform_s2_p6_s0,0.3463502526283264,0.33360564708709717,0.8947740197181702,0.900273323059082,0.8095847368240356,0.8186336755752563,0.9112903475761414,0.9117894172668457,0.9742444753646851,0.9751132726669312,91
manet_deform_s2_p6_s1,0.3501255512237549,0.33565253019332886,0.8938412666320801,0.9003764986991882,0.8080587387084961,0.8188043832778931,0.9105380773544312,0.9119020700454712,0.9737734794616699,0.9749144315719604,37
manet_deform_s2_p6_s2,0.35400596261024475,0.3388958275318146,0.8932908773422241,0.8999789953231812,0.8071596026420593,0.8181471228599548,0.9104142785072327,0.9117113947868347,0.9735419750213623,0.9745744466781616,22
manet_deform_s2_p6_s3,0.34841758012771606,0.33524763584136963,0.8943585157394409,0.9003292918205261,0.8089046478271484,0.8187262415885925,0.9110492467880249,0.911898672580719,0.9740433692932129,0.9749666452407837,95
manet_deform_s2_p6_s4,0.3497776985168457,0.333614706993103,0.8943971991539001,0.9006878137588501,0.8089679479598999,0.8193193674087524,0.9113200902938843,0.9123119115829468,0.9742444753646851,0.9752569794654846,63
manet_deform_s3_p3_s0,0.34636425971984863,0.3333643078804016,0.8947376608848572,0.9002653956413269,0.8095251321792603,0.8186205625534058,0.9110556840896606,0.9116800427436829,0.9741382002830505,0.9751241207122803,87
manet_deform_s3_p3_s1,0.34856677055358887,0.3342110216617584,0.8941806554794312,0.9003749489784241,0.8086137175559998,0.818801760673523,0.91083824634552,0.9119166135787964,0.9740003347396851,0.9750380516052246,91
manet_deform_s3_p3_s2,0.3491954803466797,0.3368127942085266,0.8940967917442322,0.9001711010932922,0.8084765076637268,0.8184646368026733,0.9106850624084473,0.9116737842559814,0.9738172292709351,0.9748846888542175,46
manet_deform_s3_p3_s3,0.3487356901168823,0.3354495167732239,0.8944554924964905,0.9006027579307556,0.8090632557868958,0.8191786408424377,0.9111677408218384,0.9121471643447876,0.974137544631958,0.9751114845275879,64
manet_deform_s3_p3_s4,0.34805500507354736,0.33370986580848694,0.8944990038871765,0.9006461501121521,0.8091345429420471,0.8192505240440369,0.9112600088119507,0.912219762802124,0.9741103649139404,0.9751735925674438,62
manet_deform_s3_p4_s0,0.3534300923347473,0.3367151618003845,0.8931817412376404,0.9002593755722046,0.8069813847541809,0.8186106085777283,0.9105091691017151,0.9120404720306396,0.9738938808441162,0.975042998790741,73
manet_deform_s3_p4_s1,0.34961020946502686,0.33598336577415466,0.8939985036849976,0.9001540541648865,0.8083158135414124,0.8184364438056946,0.9106639623641968,0.9117025136947632,0.9737362265586853,0.9747459888458252,30
manet_deform_s3_p4_s2,0.34963178634643555,0.33455991744995117,0.8941356539726257,0.9005213975906372,0.8085401058197021,0.8190440535545349,0.9110438227653503,0.9121635556221008,0.9741196632385254,0.9751293063163757,84
manet_deform_s3_p4_s3,0.34939736127853394,0.3347504734992981,0.8940958976745605,0.9005486965179443,0.8084750771522522,0.8190892338752747,0.9109767079353333,0.9121465682983398,0.9740813374519348,0.9750950336456299,53
manet_deform_s3_p4_s4,0.34845560789108276,0.3334287405014038,0.8944711089134216,0.900650680065155,0.8090888261795044,0.8192579746246338,0.9112502336502075,0.9122098684310913,0.9741871356964111,0.9752575755119324,63
manet_deform_s3_p5_s0,0.3498843312263489,0.3341621458530426,0.894172191619873,0.9005942940711975,0.8085998296737671,0.8191646933555603,0.9110661745071411,0.9122165441513062,0.9739765524864197,0.9751438498497009,87
manet_deform_s3_p5_s1,0.35207927227020264,0.3364599943161011,0.8935319781303406,0.9004254937171936,0.8075534105300903,0.8188853859901428,0.9105762243270874,0.9120882749557495,0.973744809627533,0.9748210906982422,30
manet_deform_s3_p5_s2,0.3512759208679199,0.3350166082382202,0.8937221169471741,0.9004904627799988,0.8078640103340149,0.8189928531646729,0.9108504056930542,0.9122291803359985,0.9741005301475525,0.9751932621002197,84
manet_deform_s3_p5_s3,0.3527259826660156,0.3364814519882202,0.893791675567627,0.9004657864570618,0.8079777359962463,0.8189520239830017,0.9109023809432983,0.9121795892715454,0.9739001989364624,0.9749833941459656,40
manet_deform_s3_p5_s4,0.34843575954437256,0.33381086587905884,0.8946244716644287,0.9009863138198853,0.8093398809432983,0.81981360912323,0.9113263487815857,0.9125076532363892,0.974017858505249,0.9750967621803284,62
manet_deform_s3_p6_s0,0.34886908531188965,0.3334386348724365,0.8944279551506042,0.9007308483123779,0.8090182542800903,0.8193906545639038,0.9112866520881653,0.9123297333717346,0.9742816686630249,0.9752588868141174,92
manet_deform_s3_p6_s1,0.34957361221313477,0.33400392532348633,0.8945815563201904,0.900658369064331,0.8092696070671082,0.8192706108093262,0.9112920165061951,0.9122132062911987,0.9741793870925903,0.975173830986023,57
manet_deform_s3_p6_s2,0.3502187430858612,0.3346421718597412,0.8941599726676941,0.9008159637451172,0.8085798621177673,0.8195315003395081,0.9112045764923096,0.9124727249145508,0.9741666316986084,0.975191056728363,48
manet_deform_s3_p6_s3,0.3468196988105774,0.3334300220012665,0.8946475982666016,0.9005333185195923,0.8093777298927307,0.8190637826919556,0.9112457633018494,0.9120446443557739,0.9742435812950134,0.9751808047294617,95
manet_deform_s3_p6_s4,0.35070890188217163,0.33409383893013,0.8941882252693176,0.90077143907547,0.808626115322113,0.8194577693939209,0.9112786054611206,0.9124555587768555,0.9742522239685059,0.975269079208374,63
manet_deform_s4_p3_s0,0.34905022382736206,0.33467739820480347,0.8942946791648865,0.9003838300704956,0.8088001608848572,0.8188164234161377,0.9109864234924316,0.9119340181350708,0.9739630818367004,0.974974513053894,87
manet_deform_s4_p3_s1,0.349643349647522,0.3341636657714844,0.8941793441772461,0.9005732536315918,0.8086115121841431,0.8191298246383667,0.9110656380653381,0.9121928811073303,0.9741339683532715,0.9751509428024292,75
manet_deform_s4_p3_s2,0.3478391468524933,0.33406907320022583,0.8945531845092773,0.9003959894180298,0.8092231750488281,0.8188365697860718,0.9110471606254578,0.9118645191192627,0.9739950895309448,0.975020170211792,71
manet_deform_s4_p3_s3,0.3498147130012512,0.3356196880340576,0.8941045999526978,0.9004332423210144,0.8084893226623535,0.8188982009887695,0.910940408706665,0.9120483994483948,0.9739973545074463,0.9749560952186584,59
manet_deform_s4_p3_s4,0.3547186851501465,0.3390389084815979,0.8930377960205078,0.9002842903137207,0.8067464232444763,0.8186517953872681,0.9101780652999878,0.9119714498519897,0.9733625650405884,0.9745864868164062,23
manet_deform_s4_p4_s0,0.3501951992511749,0.335277259349823,0.8940308690071106,0.9003769159317017,0.8083686828613281,0.8188049793243408,0.911042332649231,0.9120591878890991,0.9741061925888062,0.9751397967338562,99
manet_deform_s4_p4_s1,0.353828489780426,0.33657634258270264,0.8936864137649536,0.9004632234573364,0.8078057169914246,0.8189477920532227,0.9107990860939026,0.9121781587600708,0.9738978743553162,0.974949836730957,49
manet_deform_s4_p4_s2,0.3466085195541382,0.33380839228630066,0.8948853015899658,0.900196373462677,0.8097668886184692,0.8185064792633057,0.9110725522041321,0.9115803241729736,0.9741759896278381,0.9751185178756714,59
manet_deform_s4_p4_s3,0.3515464663505554,0.338412880897522,0.8940619230270386,0.9007968306541443,0.8084195256233215,0.8194997906684875,0.9108986854553223,0.91237473487854,0.9739152193069458,0.974909782409668,59
manet_deform_s4_p4_s4,0.3504749834537506,0.3342067003250122,0.8940622210502625,0.901015043258667,0.8084200620651245,0.819861114025116,0.9111632108688354,0.9126853942871094,0.974153995513916,0.9752362966537476,62
manet_deform_s4_p5_s0,0.3495365381240845,0.3359191417694092,0.8940751552581787,0.9003672003746033,0.808441162109375,0.8187889456748962,0.9108234643936157,0.9119209051132202,0.9737992882728577,0.9748190641403198,30
manet_deform_s4_p5_s1,0.35370829701423645,0.3374095857143402,0.8933234810829163,0.9004027247428894,0.8072128295898438,0.8188477754592896,0.9105742573738098,0.9121580123901367,0.9737750291824341,0.9748197793960571,30
manet_deform_s4_p5_s2,0.3543946146965027,0.33759886026382446,0.8932458758354187,0.9005563259124756,0.8070861101150513,0.8191018104553223,0.9106648564338684,0.9123564958572388,0.9739599227905273,0.975135087966919,46
manet_deform_s4_p5_s3,0.34713059663772583,0.33283352851867676,0.894682765007019,0.9007014632225037,0.8094353079795837,0.8193420171737671,0.9113465547561646,0.9122316241264343,0.9743145108222961,0.9752695560455322,101
manet_deform_s4_p5_s4,0.34855738282203674,0.3329257369041443,0.8946250081062317,0.9009706377983093,0.80934077501297,0.8197875618934631,0.9113746881484985,0.9125120043754578,0.9740978479385376,0.9752527475357056,62
manet_deform_s4_p6_s0,0.3501173257827759,0.33640605211257935,0.894171416759491,0.900637686252594,0.8085985779762268,0.8192363977432251,0.9112504124641418,0.9123429656028748,0.9742326736450195,0.9751411080360413,99
manet_deform_s4_p6_s1,0.34976881742477417,0.33517682552337646,0.8943174481391907,0.900537371635437,0.8088374733924866,0.8190705180168152,0.9111785888671875,0.9121636748313904,0.9741438031196594,0.975086510181427,65
manet_deform_s4_p6_s2,0.3537389039993286,0.33685147762298584,0.8933367133140564,0.9003963470458984,0.8072344660758972,0.8188371658325195,0.9108186960220337,0.912256121635437,0.9741663932800293,0.9751837253570557,48
manet_deform_s4_p6_s3,0.34748899936676025,0.33534419536590576,0.8948626518249512,0.900969386100769,0.8097298741340637,0.819785475730896,0.9112374782562256,0.9123551845550537,0.9741215705871582,0.9751901030540466,59
manet_deform_s4_p6_s4,0.34518909454345703,0.331978440284729,0.8952746987342834,0.9010494947433472,0.8104047775268555,0.8199182152748108,0.9115831851959229,0.9124108552932739,0.9742733240127563,0.975299596786499,62
manet_deform_s5_p3_s0,0.34883707761764526,0.33449095487594604,0.8943846225738525,0.9003832936286926,0.8089473247528076,0.8188155889511108,0.9109861850738525,0.9118978381156921,0.9739347696304321,0.9749752283096313,87
manet_deform_s5_p3_s1,0.34457963705062866,0.33310383558273315,0.8949475288391113,0.9001514911651611,0.8098688125610352,0.8184322118759155,0.9110182523727417,0.9114850759506226,0.9741944670677185,0.9751709699630737,57
manet_deform_s5_p3_s2,0.34708866477012634,0.33374297618865967,0.8946330547332764,0.9005076885223389,0.8093538880348206,0.8190214037895203,0.9110833406448364,0.9119543433189392,0.9741328954696655,0.9750717878341675,102
manet_deform_s5_p3_s3,0.35008418560028076,0.33470726013183594,0.8941614627838135,0.9007524847984314,0.8085822463035583,0.819426417350769,0.9111150503158569,0.9123753309249878,0.9739752411842346,0.9750667810440063,51
manet_deform_s5_p3_s4,0.3450390100479126,0.33304235339164734,0.895176112651825,0.9007744193077087,0.8102432489395142,0.8194627165794373,0.911401629447937,0.9121241569519043,0.9741475582122803,0.9752060174942017,62
manet_deform_s5_p4_s0,0.35279834270477295,0.3355165719985962,0.8939868807792664,0.9005292057991028,0.8082968592643738,0.8190569877624512,0.9111143946647644,0.9122592210769653,0.9741590023040771,0.975149393081665,87
manet_deform_s5_p4_s1,0.348716139793396,0.33501124382019043,0.8943289518356323,0.8999722599983215,0.8088563084602356,0.8181359171867371,0.9107092618942261,0.9114186763763428,0.9738484025001526,0.9748719930648804,37
manet_deform_s5_p4_s2,0.3508802056312561,0.33493757247924805,0.8941986560821533,0.9006519317626953,0.8086431622505188,0.8192600011825562,0.9109193682670593,0.9121924638748169,0.973814070224762,0.9749516844749451,40
manet_deform_s5_p4_s3,0.34574010968208313,0.332939088344574,0.8950162529945374,0.9005933403968811,0.8099813461303711,0.8191630840301514,0.9115204811096191,0.9120782017707825,0.9743267893791199,0.9752244353294373,101
manet_deform_s5_p4_s4,0.34497109055519104,0.33213138580322266,0.895272433757782,0.9009167551994324,0.8104011416435242,0.8196983933448792,0.9116314649581909,0.9123209714889526,0.9742949604988098,0.975311279296875,62
manet_deform_s5_p5_s0,0.34990280866622925,0.3332779109477997,0.8943635821342468,0.9009438753128052,0.8089128732681274,0.819743275642395,0.9113667011260986,0.9125862717628479,0.9742672443389893,0.9753510355949402,87
manet_deform_s5_p5_s1,0.34625542163848877,0.3331272006034851,0.8949604630470276,0.9004567265510559,0.8098900318145752,0.8189371228218079,0.9113186597824097,0.9119000434875488,0.9742550849914551,0.9751760959625244,102
manet_deform_s5_p5_s2,0.3507021367549896,0.3369581699371338,0.8942331075668335,0.9006223678588867,0.8086994290351868,0.8192111253738403,0.9112021923065186,0.9122675657272339,0.9741420149803162,0.975170910358429,48
manet_deform_s5_p5_s3,0.3514470160007477,0.3342558741569519,0.8940477967262268,0.9008952975273132,0.8083964586257935,0.819662868976593,0.9110837578773499,0.9125388860702515,0.974138617515564,0.9752228856086731,61
manet_deform_s5_p5_s4,0.34595566987991333,0.3321418762207031,0.8951853513717651,0.9012057185173035,0.8102584481239319,0.820176899433136,0.9116688370704651,0.9126328229904175,0.9743067026138306,0.975315511226654,62
manet_deform_s5_p6_s0,0.348697304725647,0.33317846059799194,0.8946256637573242,0.900655210018158,0.8093417882919312,0.8192654252052307,0.9112837910652161,0.9121907949447632,0.9741641879081726,0.9752322435379028,87
manet_deform_s5_p6_s1,0.34747549891471863,0.3326804041862488,0.8947647213935852,0.9007940888404846,0.8095694780349731,0.8194953203201294,0.9114247560501099,0.9123198986053467,0.9742507934570312,0.975306510925293,57
manet_deform_s5_p6_s2,0.35202035307884216,0.3349725604057312,0.8937508463859558,0.900614321231842,0.8079110383987427,0.8191977739334106,0.9107024669647217,0.912227213382721,0.9737950563430786,0.9750317335128784,102
manet_deform_s5_p6_s3,0.3498629331588745,0.3356704115867615,0.8942440748214722,0.9007476568222046,0.8087173700332642,0.8194184899330139,0.9112271666526794,0.9123803973197937,0.9741053581237793,0.9751846194267273,51
manet_deform_s5_p6_s4,0.34678152203559875,0.3335214853286743,0.8948637843132019,0.9010534882545471,0.809731662273407,0.8199248313903809,0.9113969206809998,0.9125054478645325,0.9741355776786804,0.9752564430236816,62
manet_deform_s6_p3_s0,0.35006415843963623,0.3358447551727295,0.8943847417831421,0.9002235531806946,0.8089475631713867,0.8185513615608215,0.911151647567749,0.9118363857269287,0.9739372730255127,0.9748147130012512,43
manet_deform_s6_p3_s1,0.34895962476730347,0.3351683020591736,0.8943544030189514,0.9004510045051575,0.8088979125022888,0.8189275860786438,0.9110921025276184,0.9120256900787354,0.9740389585494995,0.9750269055366516,75
manet_deform_s6_p3_s2,0.3506799340248108,0.33605656027793884,0.8940573334693909,0.9006116390228271,0.8084119558334351,0.8191933035850525,0.9111359119415283,0.9123038053512573,0.9740878343582153,0.9750691652297974,48
manet_deform_s6_p3_s3,0.3500162959098816,0.3365643620491028,0.8941277265548706,0.9005758762359619,0.8085270524024963,0.8191341161727905,0.9109756946563721,0.912166953086853,0.9738560318946838,0.9748830795288086,51
manet_deform_s6_p3_s4,0.3484184145927429,0.3343053460121155,0.8946012258529663,0.9009894132614136,0.8093018531799316,0.8198187351226807,0.9113399982452393,0.9125248193740845,0.9740670919418335,0.9751503467559814,62
manet_deform_s6_p4_s0,0.3506842851638794,0.3392057418823242,0.8943341970443726,0.9002166986465454,0.8088648319244385,0.818540096282959,0.9109510183334351,0.9117613434791565,0.9738394021987915,0.9747880101203918,33
manet_deform_s6_p4_s1,0.3451915979385376,0.3324613571166992,0.8951442241668701,0.9009642601013184,0.8101909756660461,0.8197770714759827,0.9115058183670044,0.9123616218566895,0.9743146300315857,0.9753502607345581,75
manet_deform_s6_p4_s2,0.3467097878456116,0.33448362350463867,0.894742488861084,0.9006651043891907,0.8095330595970154,0.819281816482544,0.9111434817314148,0.9120736122131348,0.9739903211593628,0.9750776886940002,66
manet_deform_s6_p4_s3,0.34869831800460815,0.3351292610168457,0.8946218490600586,0.9008032083511353,0.8093355894088745,0.8195103406906128,0.9113054275512695,0.9123339653015137,0.9740733504295349,0.9750810861587524,59
manet_deform_s6_p4_s4,0.35139501094818115,0.334297239780426,0.894197940826416,0.9010429382324219,0.8086419701576233,0.8199073076248169,0.9114038944244385,0.9127722978591919,0.9742937088012695,0.9753136038780212,62
manet_deform_s6_p5_s0,0.348896324634552,0.3357418477535248,0.8943286538124084,0.9005133509635925,0.8088558316230774,0.8190307021141052,0.911130428314209,0.9121110439300537,0.9740523099899292,0.9750478267669678,53
manet_deform_s6_p5_s1,0.3474575877189636,0.33362388610839844,0.8945808410644531,0.9007098078727722,0.8092684745788574,0.8193557858467102,0.9112420678138733,0.9122426509857178,0.9741944074630737,0.9752253293991089,57
manet_deform_s6_p5_s2,0.3534482717514038,0.336110383272171,0.894015908241272,0.9006978869438171,0.808344304561615,0.8193360567092896,0.9110044240951538,0.9123696088790894,0.9740692377090454,0.9751130938529968,54
manet_deform_s6_p5_s3,0.35073888301849365,0.3362845480442047,0.8941494226455688,0.9006292819976807,0.8085626363754272,0.8192225694656372,0.9110807180404663,0.9122684001922607,0.9739667177200317,0.9749459624290466,59
manet_deform_s6_p5_s4,0.34893643856048584,0.3328743577003479,0.8946085572242737,0.9012784957885742,0.8093137741088867,0.8202975392341614,0.9115221500396729,0.9128709435462952,0.9742717742919922,0.9753466844558716,62
manet_deform_s6_p6_s0,0.3495384156703949,0.33499372005462646,0.8941725492477417,0.9006658792495728,0.8086004257202148,0.8192830681800842,0.9112797975540161,0.9123885631561279,0.9743428230285645,0.9752469062805176,99
manet_deform_s6_p6_s1,0.3484342694282532,0.33295974135398865,0.8947034478187561,0.9008258581161499,0.8094691038131714,0.8195478916168213,0.9114166498184204,0.9123731851577759,0.9742671251296997,0.9752987623214722,134
manet_deform_s6_p6_s2,0.3509911298751831,0.33430349826812744,0.8940668702125549,0.900896430015564,0.808427631855011,0.8196647763252258,0.9112545251846313,0.9126161336898804,0.9743093848228455,0.9753756523132324,84
manet_deform_s6_p6_s3,0.34865573048591614,0.3341241180896759,0.8945127725601196,0.9009076952934265,0.8091570138931274,0.819683313369751,0.9113523960113525,0.9125070571899414,0.9742200374603271,0.9752156734466553,59
manet_deform_s6_p6_s4,0.3486340641975403,0.33299851417541504,0.8945492506027222,0.9009103178977966,0.8092167377471924,0.8196877241134644,0.9114270806312561,0.9124999642372131,0.9743272066116333,0.9753369092941284,63
