model,val_loss,val_dice,val_jaccard,val_bacc,val_auc,epoch
unet_baseline_single_f0,0.34558408707380295,0.8958576768636703,0.8113918751478195,0.9107434302568436,0.9740727692842484,34
unet_baseline_single_f1,0.34517352283000946,0.8979201316833496,0.8147824704647064,0.9109708070755005,0.9741558134555817,37
unet_baseline_single_f2,0.3410424143075943,0.8975305706262589,0.8141490370035172,0.9110876768827438,0.9742913544178009,43
unet_baseline_single_f3,0.35033195465803146,0.8920852094888687,0.8052609860897064,0.9095698744058609,0.9734646379947662,37
unet_baseline_single_f4,0.3660683408379555,0.8891512304544449,0.800518125295639,0.9049804657697678,0.9706799983978271,32
unet_baseline_double_f0,0.34670478105545044,0.8949027210474014,0.8098217844963074,0.9095797389745712,0.9736055433750153,24
unet_baseline_double_f1,0.33960476517677307,0.8977634757757187,0.8145216107368469,0.9102187305688858,0.9743494540452957,16
unet_baseline_double_f2,0.3427428901195526,0.8971367180347443,0.8135016113519669,0.9107724875211716,0.9740777313709259,17
unet_baseline_double_f3,0.35465557873249054,0.8909919708967209,0.8034734427928925,0.9085777699947357,0.9728625267744064,12
unet_baseline_double_f4,0.3681151866912842,0.8888018727302551,0.7999571561813354,0.9045359790325165,0.9705100059509277,20
unet_rotate_90_cw_f0,0.33890587091445923,0.8979308307170868,0.8147966414690018,0.9127113223075867,0.9750823974609375,61
unet_rotate_90_cw_f1,0.3360849693417549,0.899927094578743,0.8180961906909943,0.9126866459846497,0.9751601219177246,57
unet_rotate_90_cw_f2,0.33488018065690994,0.899535283446312,0.8174512535333633,0.9129477888345718,0.9752668291330338,57
unet_rotate_90_cw_f3,0.34428977966308594,0.8942757546901703,0.8088330179452896,0.911584734916687,0.9744983166456223,60
unet_rotate_90_cw_f4,0.36247294396162033,0.8904590755701065,0.802644208073616,0.906518429517746,0.971430167555809,51
unet_rotate_180_f0,0.33569078892469406,0.8981946259737015,0.8152293562889099,0.9123886823654175,0.9752194881439209,50
unet_rotate_180_f1,0.33471816778182983,0.8999273329973221,0.8180915862321854,0.9125280380249023,0.9751092046499252,36
unet_rotate_180_f2,0.3336995393037796,0.89924056828022,0.8169623613357544,0.9124154597520828,0.9752907007932663,50
unet_rotate_180_f3,0.34225090593099594,0.8944431990385056,0.8090999722480774,0.9112213850021362,0.9746769815683365,55
unet_rotate_180_f4,0.36107277125120163,0.8910288512706757,0.8035632967948914,0.9068311452865601,0.9716310650110245,50
unet_rotate_90_ccw_f0,0.3393426239490509,0.8976523727178574,0.8143375068902969,0.9122058898210526,0.9749244749546051,52
unet_rotate_90_ccw_f1,0.33520103245973587,0.9001785814762115,0.8185089081525803,0.9129120111465454,0.975235179066658,52
unet_rotate_90_ccw_f2,0.33725806325674057,0.8989672362804413,0.8165166676044464,0.9125389456748962,0.9749732911586761,37
unet_rotate_90_ccw_f3,0.3421100676059723,0.894809752702713,0.809706375002861,0.9119806438684464,0.9747497737407684,57
unet_rotate_90_ccw_f4,0.36175724118947983,0.8900302797555923,0.8019406348466873,0.9052185118198395,0.9714033901691437,61
unet_flip_horizontal_f0,0.3371231108903885,0.8980004489421844,0.8149136602878571,0.9124158620834351,0.9750808924436569,44
unet_flip_horizontal_f1,0.33471226692199707,0.8998359739780426,0.8179426044225693,0.9124630689620972,0.9751298874616623,55
unet_flip_horizontal_f2,0.33496806025505066,0.8994887620210648,0.8173776566982269,0.9129936397075653,0.9752892851829529,52
unet_flip_horizontal_f3,0.34425683319568634,0.8939917385578156,0.8083769381046295,0.9111748784780502,0.9743495285511017,52
unet_flip_horizontal_f4,0.3583846092224121,0.8909380435943604,0.8034193068742752,0.9062540233135223,0.9717215597629547,42
unet_flip_vertical_f0,0.3378038853406906,0.897649958729744,0.8143342137336731,0.9118017107248306,0.9749483913183212,55
unet_flip_vertical_f1,0.3325084522366524,0.9002380073070526,0.8186059892177582,0.9126860052347183,0.9753754585981369,42
unet_flip_vertical_f2,0.33148957043886185,0.8999672681093216,0.8181631565093994,0.9130443185567856,0.9756232053041458,61
unet_flip_vertical_f3,0.3500775247812271,0.8927793800830841,0.8063905239105225,0.9104211777448654,0.9738193452358246,33
unet_flip_vertical_f4,0.3597228452563286,0.8906269520521164,0.8029098510742188,0.9061260968446732,0.971532866358757,37
unet_gauss_003_f0,0.3481168821454048,0.8949412107467651,0.8098881393671036,0.9100058972835541,0.9736646711826324,15
unet_gauss_003_f1,0.3399711102247238,0.8972668349742889,0.813708558678627,0.9096998572349548,0.9743119478225708,19
unet_gauss_003_f2,0.34596795588731766,0.8965952694416046,0.8126107454299927,0.9104244410991669,0.9737463891506195,13
unet_gauss_003_f3,0.3511301651597023,0.8912848383188248,0.8039509952068329,0.9083675891160965,0.9731961637735367,21
unet_gauss_003_f4,0.3692875877022743,0.8885948061943054,0.7996149808168411,0.9046694934368134,0.9703464359045029,14
unet_gauss_005_f0,0.34130601584911346,0.8963112235069275,0.8121333569288254,0.9106095731258392,0.9743179380893707,24
unet_gauss_005_f1,0.340426467359066,0.8983632326126099,0.8155121058225632,0.9111519008874893,0.97427998483181,21
unet_gauss_005_f2,0.3405725657939911,0.8982249796390533,0.8152880221605301,0.911881610751152,0.9745579659938812,24
unet_gauss_005_f3,0.3525495007634163,0.8916971534490585,0.8046323955059052,0.9094604253768921,0.973263144493103,19
unet_gauss_005_f4,0.36624322086572647,0.8882900029420853,0.799121081829071,0.9036791920661926,0.9705322235822678,14
unet_gauss_01_f0,0.34835896641016006,0.8949174135923386,0.8098466396331787,0.9098576754331589,0.9736332893371582,13
unet_gauss_01_f1,0.3401598408818245,0.8980856835842133,0.8150516450405121,0.9106943905353546,0.9742408692836761,15
unet_gauss_01_f2,0.34471142292022705,0.8970325440168381,0.8133299350738525,0.9109002500772476,0.9740450531244278,17
unet_gauss_01_f3,0.35081419348716736,0.8921350240707397,0.8053436875343323,0.9097175896167755,0.9734527617692947,19
unet_gauss_01_f4,0.36548400670289993,0.8893852084875107,0.8008956760168076,0.9051958620548248,0.9707431644201279,20
unet_gauss_02_f0,0.3496341109275818,0.8947358578443527,0.8095506131649017,0.9098125249147415,0.973622053861618,13
unet_gauss_02_f1,0.34482307732105255,0.8967914879322052,0.8129186630249023,0.9095838367938995,0.9735079705715179,23
unet_gauss_02_f2,0.3492814898490906,0.8964745849370956,0.8124144375324249,0.9106861501932144,0.9740115702152252,23
unet_gauss_02_f3,0.35017937421798706,0.8916191011667252,0.8044944554567337,0.908420205116272,0.9734624475240707,23
unet_gauss_02_f4,0.36665524542331696,0.8893725275993347,0.8008757084608078,0.905224084854126,0.9706960022449493,20
unet_gauss_05_f0,0.3439382538199425,0.8959382325410843,0.8115227371454239,0.9105738401412964,0.9741048961877823,21
unet_gauss_05_f1,0.337637260556221,0.8983983546495438,0.8155665546655655,0.9107793271541595,0.9746129959821701,24
unet_gauss_05_f2,0.33549831807613373,0.8987007141113281,0.8160764873027802,0.9117733836174011,0.9750729203224182,45
unet_gauss_05_f3,0.351179838180542,0.8915935754776001,0.8044582158327103,0.9086694866418839,0.9732543081045151,26
unet_gauss_05_f4,0.3694874420762062,0.8883952349424362,0.7992884665727615,0.9045954197645187,0.970385804772377,23
unet_contrast_a0.8_b-20_f0,0.3440208286046982,0.8961812108755112,0.8119199723005295,0.9111262410879135,0.9742708802223206,31
unet_contrast_a0.8_b-20_f1,0.33617397397756577,0.8991619944572449,0.8168314397335052,0.9116504043340683,0.9747878313064575,24
unet_contrast_a0.8_b-20_f2,0.34640201926231384,0.8967668116092682,0.8128893971443176,0.9106861501932144,0.9738515019416809,33
unet_contrast_a0.8_b-20_f3,0.35339562594890594,0.8910656422376633,0.8035970628261566,0.9086222052574158,0.9729848206043243,19
unet_contrast_a0.8_b-20_f4,0.36602725833654404,0.888727143406868,0.7998337000608444,0.9045358300209045,0.9706116914749146,23
unet_contrast_a0.8_b-10_f0,0.3415416553616524,0.8958483338356018,0.8113701194524765,0.9099415093660355,0.9743680059909821,24
unet_contrast_a0.8_b-10_f1,0.34106846898794174,0.8985493034124374,0.8158270567655563,0.9114244729280472,0.9743480384349823,22
unet_contrast_a0.8_b-10_f2,0.3416961058974266,0.8970862329006195,0.8134177625179291,0.9105870425701141,0.9741033464670181,25
unet_contrast_a0.8_b-10_f3,0.3511112481355667,0.892376109957695,0.805742084980011,0.9102286845445633,0.973568394780159,23
unet_contrast_a0.8_b-10_f4,0.36576616764068604,0.889574408531189,0.801210343837738,0.9056755304336548,0.970922589302063,23
unet_contrast_a0.8_b0_f0,0.3434963971376419,0.8960291296243668,0.8116679936647415,0.9105226397514343,0.9741445183753967,26
unet_contrast_a0.8_b0_f1,0.3405127450823784,0.8990843296051025,0.8167059570550919,0.9122124761343002,0.9748744070529938,26
unet_contrast_a0.8_b0_f2,0.34371285885572433,0.8967315256595612,0.8128353804349899,0.9103682190179825,0.9738714098930359,17
unet_contrast_a0.8_b0_f3,0.35330983251333237,0.8920424431562424,0.8052004426717758,0.9101415127515793,0.9734885394573212,23
unet_contrast_a0.8_b0_f4,0.37220440804958344,0.8886882960796356,0.7997793555259705,0.9053252935409546,0.9706522673368454,23
unet_contrast_a0.8_b10_f0,0.3423660025000572,0.8963396102190018,0.8121782392263412,0.91090989112854,0.9742576628923416,24
unet_contrast_a0.8_b10_f1,0.3454086109995842,0.8981641680002213,0.8151908814907074,0.9114176332950592,0.9743926674127579,16
unet_contrast_a0.8_b10_f2,0.3413956016302109,0.8977995812892914,0.8145926594734192,0.9114272445440292,0.9742781817913055,24
unet_contrast_a0.8_b10_f3,0.351790651679039,0.8919215500354767,0.8049977123737335,0.909663125872612,0.9733865857124329,19
unet_contrast_a0.8_b10_f4,0.36909954994916916,0.8895210027694702,0.8011303544044495,0.9058182239532471,0.9708677977323532,20
unet_contrast_a0.8_b20_f0,0.3434881940484047,0.8962504714727402,0.8120340406894684,0.9109995812177658,0.9742530137300491,24
unet_contrast_a0.8_b20_f1,0.3389113321900368,0.8989794254302979,0.8165324926376343,0.9116733074188232,0.9746401458978653,22
unet_contrast_a0.8_b20_f2,0.34017857909202576,0.8981224894523621,0.8151217550039291,0.9117224216461182,0.974488154053688,24
unet_contrast_a0.8_b20_f3,0.3523383215069771,0.8917918056249619,0.8047784268856049,0.9089297950267792,0.9732842147350311,25
unet_contrast_a0.8_b20_f4,0.3675149902701378,0.889555811882019,0.8011717200279236,0.9051539450883865,0.9709170311689377,20
unet_contrast_a0.9_b-20_f0,0.34485814720392227,0.8952536582946777,0.8103933781385422,0.909637063741684,0.973884716629982,28
unet_contrast_a0.9_b-20_f1,0.33864670991897583,0.8982491344213486,0.8153259605169296,0.9107589572668076,0.9744442403316498,21
unet_contrast_a0.9_b-20_f2,0.34032289683818817,0.8970568478107452,0.8133676201105118,0.910294771194458,0.9743143916130066,22
unet_contrast_a0.9_b-20_f3,0.35300344973802567,0.8901336789131165,0.8020842671394348,0.9067923724651337,0.9728904664516449,14
unet_contrast_a0.9_b-20_f4,0.37022116035223007,0.8886285871267319,0.7996831238269806,0.9051184952259064,0.9705135524272919,23
unet_contrast_a0.9_b-10_f0,0.3490850329399109,0.8948600739240646,0.8097561299800873,0.9100711792707443,0.9736308455467224,20
unet_contrast_a0.9_b-10_f1,0.34360168129205704,0.8980018645524979,0.8149266988039017,0.9111888706684113,0.9741999953985214,19
unet_contrast_a0.9_b-10_f2,0.3410141319036484,0.8979159742593765,0.8147800266742706,0.9116678237915039,0.9744602143764496,25
unet_contrast_a0.9_b-10_f3,0.35280851274728775,0.891141951084137,0.8037327080965042,0.908778727054596,0.973073810338974,23
unet_contrast_a0.9_b-10_f4,0.3745465353131294,0.8879873156547546,0.7986365556716919,0.9040898680686951,0.9700035005807877,26
unet_contrast_a0.9_b0_f0,0.3502193093299866,0.8945623487234116,0.8092673420906067,0.9099065363407135,0.9734849780797958,23
unet_contrast_a0.9_b0_f1,0.34447309374809265,0.8980867713689804,0.8150591850280762,0.9111432284116745,0.974239781498909,21
unet_contrast_a0.9_b0_f2,0.34127525240182877,0.8976697027683258,0.81437748670578,0.9111569672822952,0.9743494689464569,24
unet_contrast_a0.9_b0_f3,0.3502379581332207,0.8916413336992264,0.8045331686735153,0.9088270962238312,0.973360612988472,19
unet_contrast_a0.9_b0_f4,0.3674747496843338,0.8889909833669662,0.8002650290727615,0.9048561006784439,0.9705955386161804,20
unet_contrast_a0.9_b10_f0,0.33946239203214645,0.8967899531126022,0.8129171133041382,0.9109779745340347,0.9746336787939072,24
unet_contrast_a0.9_b10_f1,0.3400028347969055,0.8983711302280426,0.8155211508274078,0.9110113680362701,0.9743261635303497,17
unet_contrast_a0.9_b10_f2,0.3437761813402176,0.8971910625696182,0.8135875016450882,0.9112157672643661,0.9742813557386398,22
unet_contrast_a0.9_b10_f3,0.35544927418231964,0.8910990208387375,0.8036580234766006,0.9089533239603043,0.9729885160923004,21
unet_contrast_a0.9_b10_f4,0.3736233487725258,0.8885875195264816,0.7996093928813934,0.9048142284154892,0.9703343957662582,20
unet_contrast_a0.9_b20_f0,0.3449791744351387,0.895889163017273,0.8114378750324249,0.910329133272171,0.9741240888834,24
unet_contrast_a0.9_b20_f1,0.3445609286427498,0.8984565436840057,0.8156689554452896,0.91136634349823,0.9743705838918686,26
unet_contrast_a0.9_b20_f2,0.3455156981945038,0.8966047465801239,0.8126255869865417,0.910392165184021,0.9737186580896378,15
unet_contrast_a0.9_b20_f3,0.3602508008480072,0.8890133947134018,0.8002738207578659,0.9061414301395416,0.9717175364494324,22
unet_contrast_a0.9_b20_f4,0.373124398291111,0.8888745158910751,0.8000732064247131,0.9051865041255951,0.9705377668142319,20
unet_contrast_a1.0_b-20_f0,0.34618768841028214,0.8949257880449295,0.8098617047071457,0.9096392691135406,0.9736413508653641,21
unet_contrast_a1.0_b-20_f1,0.33929431438446045,0.8982270807027817,0.8152869194746017,0.9108376801013947,0.9743517935276031,19
unet_contrast_a1.0_b-20_f2,0.3464791774749756,0.8970508724451065,0.8133566379547119,0.9110782146453857,0.9741864949464798,24
unet_contrast_a1.0_b-20_f3,0.35339031368494034,0.8907264918088913,0.803045928478241,0.9078914821147919,0.9729151576757431,13
unet_contrast_a1.0_b-20_f4,0.36064986139535904,0.8907290101051331,0.803070917725563,0.9062652140855789,0.971491813659668,42
unet_contrast_a1.0_b-10_f0,0.3486109972000122,0.894701361656189,0.8094936609268188,0.9094133824110031,0.9733996689319611,24
unet_contrast_a1.0_b-10_f1,0.3451373279094696,0.8975557684898376,0.8141864240169525,0.9105760902166367,0.9740020036697388,24
unet_contrast_a1.0_b-10_f2,0.34546711295843124,0.8973418772220612,0.8138352781534195,0.9114820510149002,0.9743006378412247,23
unet_contrast_a1.0_b-10_f3,0.3533468544483185,0.8901004195213318,0.8020325750112534,0.9070039242506027,0.9728555083274841,19
unet_contrast_a1.0_b-10_f4,0.36714909225702286,0.8890355825424194,0.8003277480602264,0.904996246099472,0.9706802368164062,20
unet_contrast_a1.0_b0_f0,0.34670478105545044,0.8949027210474014,0.8098217844963074,0.9095797389745712,0.9736055433750153,24
unet_contrast_a1.0_b0_f1,0.33960476517677307,0.8977634757757187,0.8145216107368469,0.9102187305688858,0.9743494540452957,16
unet_contrast_a1.0_b0_f2,0.3427428901195526,0.8971367180347443,0.8135016113519669,0.9107724875211716,0.9740777313709259,17
unet_contrast_a1.0_b0_f3,0.3554712161421776,0.890936404466629,0.8033882975578308,0.9083039462566376,0.9727978557348251,21
unet_contrast_a1.0_b0_f4,0.3681151866912842,0.8888018727302551,0.7999571561813354,0.9045359790325165,0.9705100059509277,20
unet_contrast_a1.0_b10_f0,0.34648188203573227,0.8953291475772858,0.8105203807353973,0.9101906269788742,0.9737948179244995,20
unet_contrast_a1.0_b10_f1,0.34350496530532837,0.8981891125440598,0.8152349889278412,0.911450520157814,0.9744036644697189,20
unet_contrast_a1.0_b10_f2,0.3435257598757744,0.8973423987627029,0.8138363808393478,0.9112297594547272,0.9742329865694046,24
unet_contrast_a1.0_b10_f3,0.3559579402208328,0.890590101480484,0.8028260916471481,0.9084906727075577,0.972749263048172,12
unet_contrast_a1.0_b10_f4,0.36886613070964813,0.8878770768642426,0.7984536439180374,0.9034184962511063,0.9702049791812897,22
unet_contrast_a1.0_b20_f0,0.3457614555954933,0.8949545472860336,0.8099077939987183,0.9095485806465149,0.9736791402101517,20
unet_contrast_a1.0_b20_f1,0.34234698861837387,0.8981681019067764,0.8151971697807312,0.9112704545259476,0.974316269159317,26
unet_contrast_a1.0_b20_f2,0.3412422314286232,0.8972656577825546,0.8137127459049225,0.910709410905838,0.9741711467504501,25
unet_contrast_a1.0_b20_f3,0.35735268145799637,0.8904999196529388,0.802682176232338,0.9084512889385223,0.9725727140903473,14
unet_contrast_a1.0_b20_f4,0.36758381873369217,0.8889971524477005,0.8002733588218689,0.9050939530134201,0.9705155491828918,20
unet_contrast_a1.1_b-20_f0,0.3466244116425514,0.8947672843933105,0.8096035271883011,0.9094521403312683,0.9735513031482697,20
unet_contrast_a1.1_b-20_f1,0.34052954614162445,0.89808090031147,0.8150499016046524,0.9108192175626755,0.9742037504911423,16
unet_contrast_a1.1_b-20_f2,0.3438139408826828,0.8965060710906982,0.8124608248472214,0.9100827276706696,0.9738157093524933,22
unet_contrast_a1.1_b-20_f3,0.3567488417029381,0.8901421278715134,0.8020972460508347,0.9077055007219315,0.9726264625787735,11
unet_contrast_a1.1_b-20_f4,0.3662150055170059,0.8890800774097443,0.800402045249939,0.9047193676233292,0.9706241488456726,20
unet_contrast_a1.1_b-10_f0,0.34376486390829086,0.8955382853746414,0.810864120721817,0.9100231379270554,0.9740317761898041,15
unet_contrast_a1.1_b-10_f1,0.3444354236125946,0.8976917266845703,0.81441430747509,0.9109386205673218,0.9741051197052002,17
unet_contrast_a1.1_b-10_f2,0.3405768722295761,0.897787481546402,0.8145701885223389,0.9113509505987167,0.974356010556221,26
unet_contrast_a1.1_b-10_f3,0.3497917801141739,0.891623854637146,0.8045025020837784,0.908557653427124,0.9734635800123215,21
unet_contrast_a1.1_b-10_f4,0.3677465617656708,0.8876741081476212,0.7981268167495728,0.9032626003026962,0.9702232331037521,13
unet_contrast_a1.1_b0_f0,0.34731893986463547,0.8950646221637726,0.8100887089967728,0.9099614024162292,0.9736551493406296,21
unet_contrast_a1.1_b0_f1,0.3377799540758133,0.8993817865848541,0.817197173833847,0.9121315330266953,0.974721223115921,22
unet_contrast_a1.1_b0_f2,0.341683104634285,0.8978375196456909,0.8146534413099289,0.9116684794425964,0.9744594097137451,24
unet_contrast_a1.1_b0_f3,0.35045015066862106,0.8921409398317337,0.8053494989871979,0.9097034782171249,0.9734734296798706,21
unet_contrast_a1.1_b0_f4,0.364581823348999,0.889361634850502,0.8008598983287811,0.9048530161380768,0.9708486795425415,20
unet_contrast_a1.1_b10_f0,0.34700941294431686,0.8957036882638931,0.8111405670642853,0.9109505712985992,0.974107414484024,21
unet_contrast_a1.1_b10_f1,0.3376709669828415,0.8985058814287186,0.815749004483223,0.9108625054359436,0.9746004194021225,22
unet_contrast_a1.1_b10_f2,0.34542427211999893,0.8968479186296463,0.8130248486995697,0.9109300225973129,0.9740807116031647,22
unet_contrast_a1.1_b10_f3,0.35499926656484604,0.891016811132431,0.8035314828157425,0.9090652912855148,0.9730239510536194,16
unet_contrast_a1.1_b10_f4,0.36564013361930847,0.8886050581932068,0.7996304482221603,0.9041969180107117,0.9705555588006973,20
unet_contrast_a1.1_b20_f0,0.3438635841012001,0.8956143260002136,0.8109868764877319,0.9100436717271805,0.9740127921104431,26
unet_contrast_a1.1_b20_f1,0.34348519146442413,0.8978335559368134,0.8146480917930603,0.9106916189193726,0.9740226417779922,24
unet_contrast_a1.1_b20_f2,0.3421955183148384,0.8967751860618591,0.812906339764595,0.9102087765932083,0.9740447849035263,25
unet_contrast_a1.1_b20_f3,0.354204460978508,0.8911368995904922,0.803718701004982,0.9090470969676971,0.9730977267026901,16
unet_contrast_a1.1_b20_f4,0.3705523610115051,0.8882710933685303,0.7990883439779282,0.9046095013618469,0.9703543037176132,20
unet_contrast_a1.2_b-20_f0,0.3443148210644722,0.8955411314964294,0.8108660578727722,0.9098937511444092,0.9740117192268372,19
unet_contrast_a1.2_b-20_f1,0.34307974576950073,0.8977522253990173,0.8145101815462112,0.9106956124305725,0.9739590138196945,14
unet_contrast_a1.2_b-20_f2,0.3360695391893387,0.8995541036128998,0.8174842000007629,0.913214698433876,0.9753176420927048,41
unet_contrast_a1.2_b-20_f3,0.350467287003994,0.8915654122829437,0.8044115900993347,0.9086080342531204,0.9732946753501892,19
unet_contrast_a1.2_b-20_f4,0.3687298819422722,0.8886304050683975,0.7996772527694702,0.9045235514640808,0.9703720062971115,22
unet_contrast_a1.2_b-10_f0,0.34403710067272186,0.8953499644994736,0.8105532675981522,0.909776121377945,0.9739463627338409,24
unet_contrast_a1.2_b-10_f1,0.3376171961426735,0.8988945633172989,0.8163839280605316,0.9113598614931107,0.9746924191713333,21
unet_contrast_a1.2_b-10_f2,0.33862221240997314,0.8980595916509628,0.8150164484977722,0.9114065021276474,0.9745776802301407,23
unet_contrast_a1.2_b-10_f3,0.35089635103940964,0.8921208083629608,0.805317610502243,0.9096490144729614,0.9734149724245071,23
unet_contrast_a1.2_b-10_f4,0.3688143566250801,0.8890528380870819,0.8003603219985962,0.9053609371185303,0.9706823229789734,20
unet_contrast_a1.2_b0_f0,0.3427576720714569,0.8960156589746475,0.8116428554058075,0.910348504781723,0.974179595708847,26
unet_contrast_a1.2_b0_f1,0.3376830443739891,0.8996854871511459,0.8176971226930618,0.9125436544418335,0.9749227911233902,22
unet_contrast_a1.2_b0_f2,0.3380490317940712,0.8987406343221664,0.8161405622959137,0.9122492969036102,0.9748193025588989,24
unet_contrast_a1.2_b0_f3,0.35192225873470306,0.8922324031591415,0.8055039048194885,0.9104091972112656,0.973718449473381,22
unet_contrast_a1.2_b0_f4,0.3674338459968567,0.8893375098705292,0.8008185774087906,0.9056945294141769,0.9709170758724213,24
unet_contrast_a1.2_b10_f0,0.3395151421427727,0.8966484665870667,0.812681570649147,0.9108030796051025,0.9745997190475464,28
unet_contrast_a1.2_b10_f1,0.3388366103172302,0.8986286073923111,0.8159519582986832,0.9112636148929596,0.9744465053081512,30
unet_contrast_a1.2_b10_f2,0.339501328766346,0.8980704098939896,0.8150360137224197,0.911500483751297,0.9745105504989624,29
unet_contrast_a1.2_b10_f3,0.34953388571739197,0.8919511437416077,0.8050437122583389,0.9090487211942673,0.9734336286783218,26
unet_contrast_a1.2_b10_f4,0.3676552399992943,0.8890514969825745,0.8003572970628738,0.9049373269081116,0.9704202860593796,24
unet_contrast_a1.2_b20_f0,0.34226303547620773,0.8961701393127441,0.8118992745876312,0.9106703102588654,0.9742382168769836,28
unet_contrast_a1.2_b20_f1,0.33623579144477844,0.8992706835269928,0.8170110881328583,0.9118755906820297,0.9748241007328033,26
unet_contrast_a1.2_b20_f2,0.3485947400331497,0.8961138427257538,0.8118204474449158,0.9104549735784531,0.9738989174365997,30
unet_contrast_a1.2_b20_f3,0.35447752475738525,0.8913498222827911,0.8040706813335419,0.9093579798936844,0.9731374531984329,22
unet_contrast_a1.2_b20_f4,0.3707551658153534,0.888438418507576,0.7993590086698532,0.9047737866640091,0.9704353660345078,24
unet_deform_s2_p3_f0,0.33853672444820404,0.8975423127412796,0.8141559660434723,0.9117902964353561,0.9747103452682495,65
unet_deform_s2_p3_f1,0.33315398544073105,0.900420293211937,0.8189086616039276,0.9128981083631516,0.9752646535634995,58
unet_deform_s2_p3_f2,0.33537904918193817,0.8997180908918381,0.8177531212568283,0.9133090823888779,0.9753881394863129,111
unet_deform_s2_p3_f3,0.3487713038921356,0.8935610353946686,0.8076640069484711,0.9109200686216354,0.9740310907363892,41
unet_deform_s2_p3_f4,0.36122553795576096,0.8907625824213028,0.8031305223703384,0.9064652770757675,0.971435546875,55
unet_deform_s2_p4_f0,0.3365154415369034,0.8981641680002213,0.8151827752590179,0.9124303460121155,0.9750619679689407,65
unet_deform_s2_p4_f1,0.3314652517437935,0.9007665365934372,0.8194793313741684,0.913130447268486,0.9754840582609177,63
unet_deform_s2_p4_f2,0.33368855714797974,0.899601399898529,0.817561075091362,0.9127599447965622,0.9752886891365051,108
unet_deform_s2_p4_f3,0.3451070263981819,0.8940461724996567,0.8084556311368942,0.9110710024833679,0.9742501080036163,66
unet_deform_s2_p4_f4,0.3623606637120247,0.8909003287553787,0.8033560365438461,0.9065935164690018,0.9714997261762619,65
unet_deform_s2_p5_f0,0.3355611115694046,0.8985045701265335,0.8157409727573395,0.9126589298248291,0.9752422422170639,68
unet_deform_s2_p5_f1,0.33218901604413986,0.9004923701286316,0.8190247267484665,0.9127530008554459,0.9754068851470947,58
unet_deform_s2_p5_f2,0.33685576915740967,0.8992105573415756,0.8169164508581161,0.9124957621097565,0.9748393893241882,69
unet_deform_s2_p5_f3,0.3430996388196945,0.8948385566473007,0.8097506165504456,0.9122156053781509,0.9747555255889893,101
unet_deform_s2_p5_f4,0.36037830263376236,0.8909183591604233,0.8033852875232697,0.9065136015415192,0.9714621603488922,50
unet_deform_s2_p6_f0,0.340373270213604,0.8980651199817657,0.81502266228199,0.9127162992954254,0.9749545007944107,68
unet_deform_s2_p6_f1,0.3327615559101105,0.8999109119176865,0.8180604875087738,0.9120862931013107,0.9753538519144058,63
unet_deform_s2_p6_f2,0.3351048156619072,0.899393618106842,0.8172181695699692,0.9126609861850739,0.9751375317573547,58
unet_deform_s2_p6_f3,0.34378284960985184,0.893842801451683,0.8081194907426834,0.9105837941169739,0.9742817431688309,68
unet_deform_s2_p6_f4,0.36267998814582825,0.8907489329576492,0.8031066954135895,0.9063728302717209,0.9713033735752106,50
unet_deform_s3_p3_f0,0.33636657148599625,0.8986275494098663,0.8159462213516235,0.912988007068634,0.9751383066177368,65
unet_deform_s3_p3_f1,0.3340698927640915,0.9006557166576385,0.8192968219518661,0.9131112098693848,0.9752387404441833,63
unet_deform_s3_p3_f2,0.33757873624563217,0.8992308974266052,0.8169515132904053,0.9128089100122452,0.975022554397583,70
unet_deform_s3_p3_f3,0.34354502707719803,0.8939434587955475,0.8082810789346695,0.9105653911828995,0.9743155986070633,71
unet_deform_s3_p3_f4,0.36313313990831375,0.8905624002218246,0.8028166443109512,0.9064091593027115,0.9715047627687454,97
unet_deform_s3_p4_f0,0.3385282903909683,0.8983793258666992,0.8155406415462494,0.9129843860864639,0.9749676585197449,65
unet_deform_s3_p4_f1,0.33472101390361786,0.9004826992750168,0.8190106749534607,0.9130431413650513,0.9752456694841385,69
unet_deform_s3_p4_f2,0.3363380432128906,0.8995700925588608,0.8175124228000641,0.9130045175552368,0.9751505255699158,56
unet_deform_s3_p4_f3,0.3433408662676811,0.8943964540958405,0.8090319931507111,0.911574125289917,0.9745339453220367,95
unet_deform_s3_p4_f4,0.3630327731370926,0.8905125111341476,0.8027296364307404,0.9062981009483337,0.971201092004776,62
unet_deform_s3_p5_f0,0.339425727725029,0.8980352878570557,0.8149698972702026,0.9122622162103653,0.9749694466590881,61
unet_deform_s3_p5_f1,0.3332267105579376,0.9006136059761047,0.8192303031682968,0.9130464643239975,0.9752612560987473,70
unet_deform_s3_p5_f2,0.33400170505046844,0.8995435982942581,0.8174643069505692,0.9126476645469666,0.9752410501241684,91
unet_deform_s3_p5_f3,0.34146730601787567,0.8948389738798141,0.8097503781318665,0.9119367003440857,0.974789172410965,90
unet_deform_s3_p5_f4,0.3606623336672783,0.8910985440015793,0.8036863505840302,0.9069269001483917,0.9716058522462845,76
unet_deform_s3_p6_f0,0.3377263471484184,0.8984837532043457,0.8157094568014145,0.9132630378007889,0.9752580970525742,86
unet_deform_s3_p6_f1,0.33513207733631134,0.9002987742424011,0.8187078833580017,0.9129530489444733,0.9751294702291489,69
unet_deform_s3_p6_f2,0.3349836617708206,0.8997717946767807,0.8178443610668182,0.912988469004631,0.9752298891544342,70
unet_deform_s3_p6_f3,0.34749680757522583,0.8941066265106201,0.8085640072822571,0.9118547290563583,0.9743437469005585,78
unet_deform_s3_p6_f4,0.36012084782123566,0.8907192945480347,0.8030673861503601,0.9062404632568359,0.9714830964803696,74
unet_deform_s4_p3_f0,0.33899033814668655,0.8979983180761337,0.8149092793464661,0.9122147262096405,0.9748351871967316,65
unet_deform_s4_p3_f1,0.3376510292291641,0.8996969759464264,0.8177103847265244,0.9122824519872665,0.974601224064827,48
unet_deform_s4_p3_f2,0.3352305665612221,0.8999717533588409,0.8181742429733276,0.9134584814310074,0.9753309935331345,63
unet_deform_s4_p3_f3,0.343979649245739,0.8942848891019821,0.8088442087173462,0.9112854301929474,0.9744338393211365,55
unet_deform_s4_p3_f4,0.3605058491230011,0.8909504860639572,0.8034403920173645,0.9064910709857941,0.9714512676000595,64
unet_deform_s4_p4_f0,0.3377048820257187,0.8983857333660126,0.8155474066734314,0.9128410369157791,0.9750056564807892,65
unet_deform_s4_p4_f1,0.332184799015522,0.9009455442428589,0.8197782635688782,0.9133872538805008,0.9754622429609299,87
unet_deform_s4_p4_f2,0.3340924009680748,0.8994979709386826,0.8173915594816208,0.9125038832426071,0.9752329587936401,75
unet_deform_s4_p4_f3,0.3463814854621887,0.8940968066453934,0.8085339069366455,0.9109035432338715,0.9744024127721786,69
unet_deform_s4_p4_f4,0.36176110804080963,0.8904518187046051,0.8026262670755386,0.9058520495891571,0.9712622761726379,55
unet_deform_s4_p5_f0,0.3417087495326996,0.8977881371974945,0.8145697712898254,0.9128817170858383,0.9751098901033401,66
unet_deform_s4_p5_f1,0.3322674259543419,0.9007731825113297,0.8194920569658279,0.9132357835769653,0.9754126369953156,58
unet_deform_s4_p5_f2,0.33721551299095154,0.8995466977357864,0.8174719959497452,0.9132075905799866,0.9750982075929642,84
unet_deform_s4_p5_f3,0.34555021673440933,0.894385501742363,0.8090086132287979,0.9118220806121826,0.9745360165834427,55
unet_deform_s4_p5_f4,0.3598582372069359,0.8908258676528931,0.8032341450452805,0.9061571508646011,0.9715403765439987,55
unet_deform_s4_p6_f0,0.33435605466365814,0.8990127891302109,0.8165836930274963,0.913319855928421,0.9754836559295654,91
unet_deform_s4_p6_f1,0.335007444024086,0.9004207402467728,0.8189078867435455,0.9128338098526001,0.9749886989593506,89
unet_deform_s4_p6_f2,0.33686646819114685,0.8995204269886017,0.8174315989017487,0.9131337404251099,0.9750971347093582,70
unet_deform_s4_p6_f3,0.34313659369945526,0.8940021693706512,0.8083792179822922,0.910830169916153,0.9744136333465576,78
unet_deform_s4_p6_f4,0.3624391034245491,0.890890896320343,0.8033387959003448,0.9067494571208954,0.9713231474161148,55
unet_deform_s5_p3_f0,0.34202247858047485,0.8977995365858078,0.8145823627710342,0.9123228341341019,0.9746928513050079,65
unet_deform_s5_p3_f1,0.3334244191646576,0.9010654538869858,0.8199791014194489,0.9136670231819153,0.9754169434309006,93
unet_deform_s5_p3_f2,0.3327626660466194,0.899960845708847,0.8181541562080383,0.9131168276071548,0.9754450619220734,106
unet_deform_s5_p3_f3,0.34317801147699356,0.8942668437957764,0.8088151216506958,0.9113379418849945,0.9745258837938309,71
unet_deform_s5_p3_f4,0.3598017692565918,0.8910415917634964,0.8035899549722672,0.9066254943609238,0.971564918756485,74
unet_deform_s5_p4_f0,0.33639833331108093,0.8985289931297302,0.8157843202352524,0.9129216074943542,0.9751332253217697,65
unet_deform_s5_p4_f1,0.33411718904972076,0.9005062580108643,0.8190506100654602,0.9130745530128479,0.9751866012811661,45
unet_deform_s5_p4_f2,0.3353995233774185,0.899426206946373,0.8172728270292282,0.9124431312084198,0.9752076268196106,70
unet_deform_s5_p4_f3,0.34363289922475815,0.8941076546907425,0.8085608929395676,0.9111985564231873,0.974461242556572,68
unet_deform_s5_p4_f4,0.3624974563717842,0.8904830366373062,0.8026764094829559,0.906076967716217,0.9712025374174118,55
unet_deform_s5_p5_f0,0.3368879035115242,0.8982528150081635,0.8153255432844162,0.9125021398067474,0.9750352799892426,61
unet_deform_s5_p5_f1,0.3354591876268387,0.9004918783903122,0.8190292716026306,0.9132882654666901,0.9752856642007828,64
unet_deform_s5_p5_f2,0.3333289325237274,0.900002509355545,0.8182275593280792,0.9131955057382584,0.9753550440073013,63
unet_deform_s5_p5_f3,0.34364084154367447,0.8945049345493317,0.8092024624347687,0.9116227626800537,0.9745473563671112,55
unet_deform_s5_p5_f4,0.36243028938770294,0.8910138607025146,0.8035415560007095,0.9070675522089005,0.9715752452611923,55
unet_deform_s5_p6_f0,0.3349198177456856,0.8984547406435013,0.8156607002019882,0.912654459476471,0.9753120392560959,103
unet_deform_s5_p6_f1,0.3337636813521385,0.9005388915538788,0.8191075623035431,0.9130780547857285,0.9753150641918182,64
unet_deform_s5_p6_f2,0.3367107957601547,0.8993108421564102,0.8170851171016693,0.9123725295066833,0.9751489460468292,53
unet_deform_s5_p6_f3,0.3421638235449791,0.8944823443889618,0.8091635555028915,0.9112598150968552,0.9745510965585709,67
unet_deform_s5_p6_f4,0.36223437637090683,0.8908864110708237,0.8033355176448822,0.9068138152360916,0.9713438302278519,55
unet_deform_s6_p3_f0,0.3371839076280594,0.8984754085540771,0.8156967163085938,0.913024365901947,0.9751186668872833,65
unet_deform_s6_p3_f1,0.33471693098545074,0.9005338698625565,0.8190996646881104,0.9133141785860062,0.97525455057621,78
unet_deform_s6_p3_f2,0.33584825694561005,0.899739608168602,0.8177916258573532,0.9132921993732452,0.9753682911396027,63
unet_deform_s6_p3_f3,0.3439609110355377,0.894053265452385,0.8084681034088135,0.9110616743564606,0.9743655771017075,68
unet_deform_s6_p3_f4,0.3636201098561287,0.8906650394201279,0.802984744310379,0.9067604392766953,0.9713671654462814,74
unet_deform_s6_p4_f0,0.337552934885025,0.8983857035636902,0.8155456185340881,0.9127436429262161,0.9750988036394119,50
unet_deform_s6_p4_f1,0.3320315033197403,0.9004639536142349,0.8189806193113327,0.9127494990825653,0.975371927022934,70
unet_deform_s6_p4_f2,0.33493805676698685,0.8995910882949829,0.81754469871521,0.9128833264112473,0.975160226225853,55
unet_deform_s6_p4_f3,0.34512145072221756,0.8942654877901077,0.8088194876909256,0.9116521179676056,0.9744652360677719,68
unet_deform_s6_p4_f4,0.3623585104942322,0.8906886577606201,0.8030217736959457,0.9065698087215424,0.9712955504655838,74
unet_deform_s6_p5_f0,0.3356085419654846,0.8985850512981415,0.8158745169639587,0.9129104763269424,0.9752699434757233,93
unet_deform_s6_p5_f1,0.33164286613464355,0.9008309841156006,0.8195830583572388,0.9130805134773254,0.9754640907049179,63
unet_deform_s6_p5_f2,0.3342706486582756,0.8998729735612869,0.8180093020200729,0.9132137596607208,0.975339874625206,84
unet_deform_s6_p5_f3,0.34516096860170364,0.8942171037197113,0.8087369948625565,0.9113213568925858,0.9744627773761749,69
unet_deform_s6_p5_f4,0.3610589802265167,0.8905709832906723,0.8028160780668259,0.9059984087944031,0.9713969826698303,61
unet_deform_s6_p6_f0,0.3357900008559227,0.8989081084728241,0.816411018371582,0.9134809970855713,0.975453183054924,91
unet_deform_s6_p6_f1,0.3340246379375458,0.9005466997623444,0.8191217333078384,0.9131836891174316,0.9751700162887573,56
unet_deform_s6_p6_f2,0.3364894613623619,0.8992338180541992,0.8169566839933395,0.9126075953245163,0.9750198721885681,66
unet_deform_s6_p6_f3,0.34417199343442917,0.8939284384250641,0.8082662969827652,0.9111866503953934,0.9744068086147308,63
unet_deform_s6_p6_f4,0.36346837878227234,0.8903744518756866,0.802506610751152,0.9062763154506683,0.9713351428508759,83
